2275736520636c69656e74223b0a0a696d706f7274207b2075736543616c6c6261636b2c20757365
4566666563742c207573655265662c207573655374617465207d2066726f6d20227265616374223b
0a696d706f7274207b2041766174617250616e656c207d2066726f6d2022402f636f6d706f6e656e
74732f41766174617250616e656c223b0a696d706f7274207b20417661746172506970207d206672
6f6d2022402f636f6d706f6e656e74732f417661746172506970223b0a696d706f7274207b204176
61746172566964656f207d2066726f6d2022402f636f6d706f6e656e74732f417661746172566964
656f223b0a696d706f7274207b20436c697050726576696577207d2066726f6d2022402f636f6d70
6f6e656e74732f436c697050726576696577223b0a696d706f7274207b20496d706f727450726576
69657750616e656c207d2066726f6d2022402f636f6d706f6e656e74732f496d706f727450726576
69657750616e656c223b0a696d706f7274207b204c6976654b697441766174617253796e63207d20
66726f6d2022402f636f6d706f6e656e74732f4c6976654b697441766174617253796e63223b0a69
6d706f7274207b204c6976654b69744261646765207d2066726f6d2022402f636f6d706f6e656e74
732f4c6976654b69744261646765223b0a696d706f7274207b20547970696e67496e64696361746f
72207d2066726f6d2022402f636f6d706f6e656e74732f547970696e67496e64696361746f72223b
0a696d706f7274207b0a2020636c61696d53657373696f6e2c0a2020637265617465437573746f6d
4368617261637465722c0a202063726561746553657373696f6e2c0a202064656c65746543757374
6f6d4368617261637465722c0a20206578706f72744c69766553657373696f6e2c0a202066657463
68426173654d6f64656c50726566696c6c2c0a202066657463684c69766553657373696f6e4d6172
6b646f776e2c0a202067657443726f737353657373696f6e4d656d6f72794f7074496e2c0a202069
6d706f7274466c61736853756d6d6172792c0a2020696d706f727453657373696f6e446f63756d65
6e742c0a20206c6973744163636f756e7453657373696f6e732c0a20206c6973744c697665436861
726163746572732c0a202073657443726f737353657373696f6e4d656d6f72794f7074496e2c0a20
20636c65617243726f737353657373696f6e4d656d6f72792c0a202066657463684163636f756e74
4d652c0a20206c696e6b456d61696c546f4163636f756e742c0a20206c6f67696e4163636f756e74
2c0a20206c6f676f75744163636f756e742c0a202070726576696577496d706f7274446f63756d65
6e742c0a202072656769737465724163636f756e742c0a2020726571756573744d616769634c696e
6b2c0a2020726573756d654163636f756e7453657373696f6e2c0a2020726573756d654279436f64
652c0a2020726573756d6553657373696f6e2c0a2020757064617465437573746f6d436861726163
7465722c0a202075706c6f6164436861726163746572436c69702c0a202075706c6f616443686172
6163746572436c69707342617463682c0a20207665726966794d616769634c696e6b2c0a20206973
4163636f756e74417574684572726f722c0a202074797065204163636f756e7453657373696f6e53
756d6d6172792c0a20207479706520496d706f7274507265766965772c0a7d2066726f6d2022402f
6c69622f617069223b0a696d706f7274207b2053657373696f6e4175746842616e6e6572207d2066
726f6d2022402f636f6d706f6e656e74732f53657373696f6e4175746842616e6e6572223b0a696d
706f7274207b20496e7374616c6c41707048696e74207d2066726f6d2022402f636f6d706f6e656e
74732f496e7374616c6c41707048696e74223b0a696d706f7274207b2053657373696f6e44726f70
526573637565207d2066726f6d2022402f636f6d706f6e656e74732f53657373696f6e44726f7052
6573637565223b0a696d706f7274207b2045646765506163655374726970207d2066726f6d202240
2f636f6d706f6e656e74732f45646765506163655374726970223b0a696d706f7274207b20536573
73696f6e4d656d6f72795374726970207d2066726f6d2022402f636f6d706f6e656e74732f536573
73696f6e4d656d6f72795374726970223b0a696d706f7274207b0a2020636f6c6c6563744578706f
7274436861726163746572732c0a2020706172746974696f6e436861726163746572732c0a202073
75676765737446616c6c6261636b49642c0a202074797065204578706f7274436861726163746572
5265662c0a7d2066726f6d2022402f6c69622f696d706f72742d63686172616374657273223b0a69
6d706f7274207b0a2020636c65617253746f7265644163636f756e742c0a202044454641554c545f
5245415554485f4e4f544943452c0a2020696e76616c696461746553746f7265644163636f756e74
2c0a20206c6f616453746f7265644163636f756e742c0a20207361766553746f7265644163636f75
6e742c0a2020747970652053746f7265644163636f756e742c0a7d2066726f6d2022402f6c69622f
6163636f756e742d73746f72616765223b0a696d706f7274207b0a2020636c65617253746f726564
53657373696f6e2c0a20206c6f616453746f72656453657373696f6e2c0a20207361766553746f72
656453657373696f6e2c0a2020747970652053746f72656453657373696f6e2c0a7d2066726f6d20
22402f6c69622f73657373696f6e2d73746f72616765223b0a696d706f7274207b0a20206275696c
64436861726163746572536861726555726c2c0a20206275696c64526573756d65436f6465536861
726555726c2c0a202063616e4e617469766553686172652c0a2020636f7079546578742c0a202070
61727365536861726551756572792c0a20207265706c616365436861726163746572496e55726c2c
0a202073686172654f72436f7079546578742c0a202073686172654f72436f707955726c2c0a2020
7368617265526573756c744c6162656c2c0a2020736861726555726c526573756c744c6162656c2c
0a7d2066726f6d2022402f6c69622f73686172652d6c696e6b73223b0a696d706f7274207b206d69
6e6446696e6765727072696e74207d2066726f6d2022402f6c69622f6d696e642d66696e67657270
72696e74223b0a696d706f72742074797065207b0a202041766174617253746174652c0a20204368
6172616374657249642c0a2020436861744d6573736167652c0a2020436f6e6e656374696f6e5374
617475732c0a20204c6976654368617261637465724f7074696f6e2c0a20204c6976654b69744a6f
696e496e666f2c0a20204d65646961436c69704b65792c0a20204d656d6f72794d6573736167652c
0a202053657373696f6e4d6f64652c0a202053657373696f6e4d6f6465556953746174652c0a7d20
66726f6d2022402f6c69622f7479706573223b0a0a636f6e73742046414c4c4241434b5f43484152
4143544552533a204c6976654368617261637465724f7074696f6e5b5d203d205b0a20207b206964
3a20227477696e6b2d64656661756c74222c20646973706c61794e616d653a20225477696e6b2044
656661756c74222c2064656661756c7456657273696f6e3a202276312e332e31222c206b696e643a
202264656661756c74222c2066656174757265643a2074727565207d2c0a20207b2069643a202266
656d616c652d64656661756c74222c20646973706c61794e616d653a202246656d616c6520446566
61756c74222c2064656661756c7456657273696f6e3a202276312e332e31222c206b696e643a2022
64656661756c74222c2066656174757265643a2074727565207d2c0a20207b2069643a2022747769
6e6b2d7368792d626f79222c20646973706c61794e616d653a20225477696e6b2053687920426f79
222c2064656661756c7456657273696f6e3a202276312e312e30222c206b696e643a202264656661
756c74222c20617661746172426173653a20227477696e6b2d64656661756c7422207d2c0a20207b
2069643a20227477696e6b2d67796d222c20646973706c61794e616d653a20225477696e6b204779
6d222c2064656661756c7456657273696f6e3a202276312e312e30222c206b696e643a2022646566
61756c74222c20617661746172426173653a20227477696e6b2d64656661756c74222c2066656174
757265643a2074727565207d2c0a20207b2069643a20227477696e6b2d616c742d70756e6b222c20
646973706c61794e616d653a20225477696e6b20416c742050756e6b222c2064656661756c745665
7273696f6e3a202276312e312e30222c206b696e643a202264656661756c74222c20617661746172
426173653a20227477696e6b2d64656661756c7422207d2c0a20207b2069643a202266656d616c65
2d736f66742d676f7468222c20646973706c61794e616d653a202246656d616c6520536f66742047
6f7468222c2064656661756c7456657273696f6e3a202276312e312e30222c206b696e643a202264
656661756c74222c20617661746172426173653a202266656d616c652d64656661756c74222c2066
656174757265643a2074727565207d2c0a20207b2069643a202266656d616c652d6174686c657469
632d7465617365222c20646973706c61794e616d653a202246656d616c65204174686c6574696320
5465617365222c2064656661756c7456657273696f6e3a202276312e312e30222c206b696e643a20
2264656661756c74222c20617661746172426173653a202266656d616c652d64656661756c742220
7d2c0a20207b2069643a202266656d616c652d706c617966756c2d62726174222c20646973706c61
794e616d653a202246656d616c6520506c617966756c2042726174222c2064656661756c74566572
73696f6e3a202276312e312e30222c206b696e643a202264656661756c74222c2061766174617242
6173653a202266656d616c652d64656661756c74222c2066656174757265643a2074727565207d2c
0a5d3b0a0a66756e6374696f6e206d616b65496428293a20737472696e67207b0a20207265747572
6e2063727970746f2e72616e646f6d5555494428293b0a7d0a0a66756e6374696f6e205374617475
73446f74287b20737461747573207d3a207b207374617475733a20436f6e6e656374696f6e537461
747573207d29207b0a2020636f6e737420636f6c6f72203d0a20202020737461747573203d3d3d20
227265616479220a2020202020203f202262672d656d6572616c642d343030220a2020202020203a
20737461747573203d3d3d2022636f6e6e656374696e67220a20202020202020203f202262672d61
6d6265722d34303020616e696d6174652d70756c7365220a20202020202020203a20737461747573
203d3d3d20226572726f72220a202020202020202020203f202262672d7265642d343030220a2020
20202020202020203a202262672d6272616e642d6d75746564223b0a0a202072657475726e203c73
70616e20636c6173734e616d653d7b60696e6c696e652d626c6f636b20682d3220772d3220726f75
6e6465642d66756c6c20247b636f6c6f727d607d202f3e3b0a7d0a0a6578706f72742066756e6374
696f6e20436861744170702829207b0a2020636f6e7374205b636861726163746572732c20736574
436861726163746572735d203d2075736553746174653c4c6976654368617261637465724f707469
6f6e5b5d3e2846414c4c4241434b5f43484152414354455253293b0a2020636f6e7374205b636861
7261637465722c207365744368617261637465725d203d2075736553746174653c43686172616374
657249643e28227477696e6b2d64656661756c7422293b0a2020636f6e7374205b73657373696f6e
49642c2073657453657373696f6e49645d203d2075736553746174653c737472696e67207c206e75
6c6c3e286e756c6c293b0a2020636f6e7374205b6368617261637465724e616d652c207365744368
617261637465724e616d655d203d2075736553746174653c737472696e67207c206e756c6c3e286e
756c6c293b0a2020636f6e7374205b61637469766543686172616374657249642c20736574416374
69766543686172616374657249645d203d2075736553746174653c737472696e67207c206e756c6c
3e286e756c6c293b0a2020636f6e7374205b7374617475732c207365745374617475735d203d2075
736553746174653c436f6e6e656374696f6e5374617475733e282269646c6522293b0a2020636f6e
7374205b6572726f722c207365744572726f725d203d2075736553746174653c737472696e67207c
206e756c6c3e286e756c6c293b0a2020636f6e7374205b6d657373616765732c207365744d657373
616765735d203d2075736553746174653c436861744d6573736167655b5d3e285b5d293b0a202063
6f6e7374205b696e7075742c20736574496e7075745d203d207573655374617465282222293b0a20
20636f6e7374205b73656e64696e672c2073657453656e64696e675d203d20757365537461746528
66616c7365293b0a2020636f6e7374205b6973547970696e672c207365744973547970696e675d20
3d2075736553746174652866616c7365293b0a2020636f6e7374205b61766174617253746174652c
2073657441766174617253746174655d203d2075736553746174653c417661746172537461746520
7c206e756c6c3e286e756c6c293b0a2020636f6e7374205b6c6976656b69742c207365744c697665
6b69745d203d2075736553746174653c4c6976654b69744a6f696e496e666f207c206e756c6c3e28
6e756c6c293b0a2020636f6e7374205b72657374617274696e672c2073657452657374617274696e
675d203d2075736553746174652866616c7365293b0a2020636f6e7374205b73686f774372656174
652c2073657453686f774372656174655d203d2075736553746174652866616c7365293b0a202063
6f6e7374205b6372656174696e672c207365744372656174696e675d203d20757365537461746528
66616c7365293b0a2020636f6e7374205b637573746f6d4e616d652c20736574437573746f6d4e61
6d655d203d207573655374617465282222293b0a2020636f6e7374205b637573746f6d4170706561
72616e63652c20736574437573746f6d417070656172616e63655d203d2075736553746174652822
22293b0a2020636f6e7374205b637573746f6d456e657267792c20736574437573746f6d456e6572
67795d203d207573655374617465282222293b0a2020636f6e7374205b637573746f6d436c6f7468
696e672c20736574437573746f6d436c6f7468696e675d203d207573655374617465282222293b0a
20202f2a2a205369676e617475726520626173652028616e79206f662038292e202a2f0a2020636f
6e7374205b637573746f6d426173654d6f64656c2c20736574437573746f6d426173654d6f64656c
5d203d20757365537461746528227477696e6b2d64656661756c7422293b0a2020636f6e7374205b
637573746f6d426173652c20736574437573746f6d426173655d203d2075736553746174653c2274
77696e6b2d64656661756c7422207c202266656d616c652d64656661756c74223e28227477696e6b
2d64656661756c7422293b0a2020636f6e7374205b637573746f6d506872617365312c2073657443
7573746f6d506872617365315d203d207573655374617465282222293b0a2020636f6e7374205b63
7573746f6d506872617365322c20736574437573746f6d506872617365325d203d20757365537461
7465282222293b0a2020636f6e7374205b637573746f6d506872617365332c20736574437573746f
6d506872617365335d203d207573655374617465282222293b0a2020636f6e7374205b637573746f
6d5363656e65315469746c652c20736574437573746f6d5363656e65315469746c655d203d207573
655374617465282222293b0a2020636f6e7374205b637573746f6d5363656e6531426f64792c2073
6574437573746f6d5363656e6531426f64795d203d207573655374617465282222293b0a2020636f
6e7374205b637573746f6d5363656e65325469746c652c20736574437573746f6d5363656e653254
69746c655d203d207573655374617465282222293b0a2020636f6e7374205b637573746f6d536365
6e6532426f64792c20736574437573746f6d5363656e6532426f64795d203d207573655374617465
282222293b0a2020636f6e7374205b637573746f6d5363656e65335469746c652c20736574437573
746f6d5363656e65335469746c655d203d207573655374617465282222293b0a2020636f6e737420
5b637573746f6d5363656e6533426f64792c20736574437573746f6d5363656e6533426f64795d20
3d207573655374617465282222293b0a2020636f6e7374205b6d65646961426173652c207365744d
65646961426173655d203d207573655374617465282222293b0a2020636f6e7374205b636c697049
646c652c20736574436c697049646c655d203d207573655374617465282222293b0a2020636f6e73
74205b636c697054656173696e672c20736574436c697054656173696e675d203d20757365537461
7465282222293b0a2020636f6e7374205b636c6970506c617966756c2c20736574436c6970506c61
7966756c5d203d207573655374617465282222293b0a2020636f6e7374205b636c697041726f7573
65642c20736574436c697041726f757365645d203d207573655374617465282222293b0a2020636f
6e7374205b73686f774d65646961416476616e6365642c2073657453686f774d6564696141647661
6e6365645d203d2075736553746174652866616c7365293b0a2020636f6e7374205b736176656453
657373696f6e2c20736574536176656453657373696f6e5d203d2075736553746174653c53746f72
656453657373696f6e207c206e756c6c3e286e756c6c293b0a2020636f6e7374205b7773546f6b65
6e2c207365745773546f6b656e5d203d2075736553746174653c737472696e67207c206e756c6c3e
286e756c6c293b0a2020636f6e7374205b726573756d65436f64652c20736574526573756d65436f
64655d203d2075736553746174653c737472696e67207c206e756c6c3e286e756c6c293b0a202063
6f6e7374205b636f70794e6f746963652c20736574436f70794e6f746963655d203d207573655374
6174653c737472696e67207c206e756c6c3e286e756c6c293b0a2020636f6e7374205b6163636f75
6e742c207365744163636f756e745d203d2075736553746174653c53746f7265644163636f756e74
207c206e756c6c3e286e756c6c293b0a2020636f6e7374205b73686f774163636f756e742c207365
7453686f774163636f756e745d203d2075736553746174652866616c7365293b0a2020636f6e7374
205b6163636f756e7448616e646c652c207365744163636f756e7448616e646c655d203d20757365
5374617465282222293b0a2020636f6e7374205b6163636f756e74506173732c207365744163636f
756e74506173735d203d207573655374617465282222293b0a2020636f6e7374205b6163636f756e
74456d61696c2c207365744163636f756e74456d61696c5d203d207573655374617465282222293b
0a2020636f6e7374205b6d616769634465764c696e6b2c207365744d616769634465764c696e6b5d
203d2075736553746174653c737472696e67207c206e756c6c3e286e756c6c293b0a2020636f6e73
74205b6163636f756e74427573792c207365744163636f756e74427573795d203d20757365537461
74652866616c7365293b0a2020636f6e7374205b6163636f756e7453657373696f6e732c20736574
4163636f756e7453657373696f6e735d203d2075736553746174653c4163636f756e745365737369
6f6e53756d6d6172795b5d3e285b5d293b0a2020636f6e7374205b6163636f756e74456d61696c4c
696e6b65642c207365744163636f756e74456d61696c4c696e6b65645d203d207573655374617465
3c737472696e67207c206e756c6c3e286e756c6c293b0a2020636f6e7374205b726573756d65436f
6465496e7075742c20736574526573756d65436f6465496e7075745d203d20757365537461746528
2222293b0a20202f2a2a20486964652061766174617220766964656f2f70616e656c20666f72206d
6f7265207472616e7363726970742073706163652e202a2f0a2020636f6e7374205b617661746172
436f6c6c61707365642c20736574417661746172436f6c6c61707365645d203d2075736553746174
652866616c7365293b0a20202f2a2a20466c6f6174696e67206d696e6920706c6179657220776869
6c6520636f6c6c61707365642028706963747572652d696e2d70696374757265207374796c65292e
202a2f0a2020636f6e7374205b6176617461725069702c207365744176617461725069705d203d20
75736553746174652874727565293b0a20202f2a2a20506861736520363a20636f6d706163742022
776861742077652072656d656d6265722220626c7572622e202a2f0a2020636f6e7374205b736573
73696f6e4e6f7465732c2073657453657373696f6e4e6f7465735d203d2075736553746174653c73
7472696e67207c206e756c6c3e286e756c6c293b0a20202f2a2a204f70742d696e206c6f6e672d74
65726d20646f737369657220286163726f73732073657373696f6e73292e202a2f0a2020636f6e73
74205b7072696f724e6f7465732c207365745072696f724e6f7465735d203d207573655374617465
3c737472696e67207c206e756c6c3e286e756c6c293b0a2020636f6e7374205b6d65737361676557
696e646f772c207365744d65737361676557696e646f775d203d2075736553746174653c3230207c
203330207c203530207c2038303e283330293b0a2020636f6e7374205b63726f737353657373696f
6e4f7074496e2c2073657443726f737353657373696f6e4f7074496e5d203d207573655374617465
2866616c7365293b0a2020636f6e7374205b6c6976656b6974526f6f6d5374617475732c20736574
4c6976656b6974526f6f6d5374617475735d203d2075736553746174653c0a20202020226f666622
207c2022636f6e6e656374696e6722207c2022636f6e6e656374656422207c20226572726f72220a
20203e28226f666622293b0a20202f2a2a20506861736520313020617373697374616e74206d6f64
65202870657273697374656420707265666572656e636520666f72206e65772073657373696f6e73
292e202a2f0a2020636f6e7374205b73657373696f6e4d6f64652c2073657453657373696f6e4d6f
64655d203d2075736553746174653c53657373696f6e4d6f64653e282829203d3e207b0a20202020
69662028747970656f662077696e646f77203d3d3d2022756e646566696e65642229207265747572
6e20226e6f726d616c223b0a20202020747279207b0a202020202020636f6e737420726177203d20
77696e646f772e6c6f63616c53746f726167652e6765744974656d282270726f6368617261637465
72732e73657373696f6e4d6f64652e763122293b0a20202020202072657475726e20726177203d3d
3d2022656467655f7061636522203f2022656467655f7061636522203a20226e6f726d616c223b0a
202020207d206361746368207b0a20202020202072657475726e20226e6f726d616c223b0a202020
207d0a20207d293b0a2020636f6e7374205b6d6f646553746174652c207365744d6f646553746174
655d203d2075736553746174653c53657373696f6e4d6f646555695374617465207c206e756c6c3e
286e756c6c293b0a2020636f6e7374205b6d6f64655469636b2c207365744d6f64655469636b5d20
3d2075736553746174652830293b0a20202f2a2a20556e65787065637465642057532064726f7020
7768696c6520612073657373696f6e20776173206c69766520e280942073686f772052656a6f696e
207265736375652e202a2f0a2020636f6e7374205b636f6e6e656374696f6e44726f707065642c20
736574436f6e6e656374696f6e44726f707065645d203d2075736553746174652866616c7365293b
0a0a20202f2f20496d706f7274204a534f4e206472792d72756e202873616d652070616e656c2061
73206163636f756e742073657474696e6773290a2020636f6e7374205b696d706f7274446f632c20
736574496d706f7274446f635d203d2075736553746174653c756e6b6e6f776e207c206e756c6c3e
286e756c6c293b0a2020636f6e7374205b696d706f7274507265766965772c20736574496d706f72
74507265766965775d203d2075736553746174653c496d706f727450726576696577207c206e756c
6c3e286e756c6c293b0a2020636f6e7374205b696d706f72744d697373696e672c20736574496d70
6f72744d697373696e675d203d2075736553746174653c4578706f72744368617261637465725265
665b5d3e285b5d293b0a2020636f6e7374205b696d706f72744368617261637465724d61702c2073
6574496d706f72744368617261637465724d61705d203d2075736553746174653c5265636f72643c
737472696e672c20737472696e673e3e287b7d293b0a2020636f6e7374205b696d706f727446616c
6c6261636b49642c20736574496d706f727446616c6c6261636b49645d203d207573655374617465
28227477696e6b2d64656661756c7422293b0a2020636f6e7374205b696d706f7274427573792c20
736574496d706f7274427573795d203d2075736553746174652866616c7365293b0a20202f2a2a20
57686963682062756c6b206578706f72742073657373696f6e20746f206f70656e206c6976652061
6674657220636f6e6669726d2e202a2f0a2020636f6e7374205b696d706f72744f70656e496e6465
782c20736574496d706f72744f70656e496e6465785d203d2075736553746174653c6e756d626572
207c206e756c6c3e286e756c6c293b0a0a2020636f6e73742068616e646c6541766174617253796e
63203d2075736543616c6c6261636b28286176617461723a20417661746172537461746529203d3e
207b0a20202020736574417661746172537461746528617661746172293b0a20207d2c205b5d293b
0a0a2020636f6e737420736574417661746172436f6c6c617073656450657273697374203d207573
6543616c6c6261636b28286e6578743a20626f6f6c65616e29203d3e207b0a202020207365744176
61746172436f6c6c6170736564286e657874293b0a20202020747279207b0a20202020202077696e
646f772e6c6f63616c53746f726167652e7365744974656d282270635f6176617461725f636f6c6c
6170736564222c206e657874203f20223122203a20223022293b0a202020207d206361746368207b
0a2020202020202f2a2069676e6f7265202a2f0a202020207d0a202020202f2f2052652d73686f77
20506950207768656e20636f6c6c617073696e6720616761696e20736f207573657220616c776179
73206765747320746865206d696e6920666565640a20202020696620286e65787429207b0a202020
2020207365744176617461725069702874727565293b0a202020202020747279207b0a2020202020
20202077696e646f772e6c6f63616c53746f726167652e7365744974656d282270635f6176617461
725f706970222c20223122293b0a2020202020207d206361746368207b0a20202020202020202f2a
2069676e6f7265202a2f0a2020202020207d0a202020207d0a20207d2c205b5d293b0a0a2020636f
6e73742073657441766174617250697050657273697374203d2075736543616c6c6261636b28286e
6578743a20626f6f6c65616e29203d3e207b0a20202020736574417661746172506970286e657874
293b0a20202020747279207b0a20202020202077696e646f772e6c6f63616c53746f726167652e73
65744974656d282270635f6176617461725f706970222c206e657874203f20223122203a20223022
293b0a202020207d206361746368207b0a2020202020202f2a2069676e6f7265202a2f0a20202020
7d0a20207d2c205b5d293b0a0a2020757365456666656374282829203d3e207b0a20202020747279
207b0a202020202020636f6e737420726177203d2077696e646f772e6c6f63616c53746f72616765
2e6765744974656d282270635f6176617461725f636f6c6c617073656422293b0a20202020202069
662028726177203d3d3d202231222920736574417661746172436f6c6c6170736564287472756529
3b0a202020202020636f6e737420706970203d2077696e646f772e6c6f63616c53746f726167652e
6765744974656d282270635f6176617461725f70697022293b0a2020202020206966202870697020
3d3d3d2022302229207365744176617461725069702866616c7365293b0a202020207d2063617463
68207b0a2020202020202f2a2069676e6f7265202a2f0a202020207d0a20207d2c205b5d293b0a0a
2020636f6e7374207773526566203d207573655265663c576562536f636b6574207c206e756c6c3e
286e756c6c293b0a2020636f6e7374206d65737361676573456e64526566203d207573655265663c
48544d4c446976456c656d656e743e286e756c6c293b0a2020636f6e73742073747265616d696e67
4964526566203d207573655265663c737472696e67207c206e756c6c3e286e756c6c293b0a202063
6f6e737420696e707574526566203d207573655265663c48544d4c5465787441726561456c656d65
6e743e286e756c6c293b0a2020636f6e73742070656e64696e67486973746f7279526566203d2075
73655265663c436861744d6573736167655b5d207c206e756c6c3e286e756c6c293b0a2020636f6e
737420646565704c696e6b48616e646c6564526566203d207573655265662866616c7365293b0a20
202f2a2a2054727565206f6e6c7920666f722064656c6962657261746520636c6f7365732028456e
642c205377697463682c20756e6d6f756e742920e280942073757070726573736573207265736375
652062616e6e65722e202a2f0a2020636f6e737420696e74656e74696f6e616c436c6f7365526566
203d207573655265662866616c7365293b0a2020636f6e73742073657373696f6e4964526566203d
207573655265663c737472696e67207c206e756c6c3e286e756c6c293b0a2020636f6e7374207374
61747573526566203d207573655265663c436f6e6e656374696f6e5374617475733e282269646c65
22293b0a2020636f6e7374206c6976654372656473526566203d207573655265663c7b0a20202020
73657373696f6e49643a20737472696e673b0a202020207773546f6b656e3a20737472696e673b0a
2020202063686172616374657249643a20737472696e673b0a202020206368617261637465724e61
6d653a20737472696e67207c206e756c6c3b0a20202020726573756d65436f64653a20737472696e
67207c206e756c6c3b0a20207d207c206e756c6c3e286e756c6c293b0a0a2020636f6e737420636c
6f7365536f636b6574203d2075736543616c6c6261636b282873656e64456e64203d207472756529
203d3e207b0a20202020636f6e7374207773203d2077735265662e63757272656e743b0a20202020
6966202821777329207b0a2020202020202f2f204e6f206f6e636c6f73652077696c6c2066697265
20e2809420646f206e6f74206c6561766520696e74656e74696f6e616c436c6f7365526566207374
75636b20747275652e0a202020202020696e74656e74696f6e616c436c6f73655265662e63757272
656e74203d2066616c73653b0a20202020202072657475726e3b0a202020207d0a0a202020206966
202873656e64456e642026262077732e72656164795374617465203d3d3d20576562536f636b6574
2e4f50454e29207b0a20202020202077732e73656e64284a534f4e2e737472696e67696679287b20
747970653a2022656e645f73657373696f6e22207d29293b0a202020207d0a2020202077732e636c
6f736528293b0a2020202077735265662e63757272656e74203d206e756c6c3b0a20207d2c205b5d
293b0a0a2020636f6e737420636c65617253657373696f6e5374617465203d2075736543616c6c62
61636b282829203d3e207b0a2020202073657453657373696f6e4964286e756c6c293b0a20202020
7365745773546f6b656e286e756c6c293b0a20202020736574526573756d65436f6465286e756c6c
293b0a202020207365744368617261637465724e616d65286e756c6c293b0a202020207365744163
746976654368617261637465724964286e756c6c293b0a202020207365744d65737361676573285b
5d293b0a202020207365744176617461725374617465286e756c6c293b0a202020207365744c6976
656b6974286e756c6c293b0a2020202073657453656e64696e672866616c7365293b0a2020202073
65744973547970696e672866616c7365293b0a2020202073657453657373696f6e4e6f746573286e
756c6c293b0a202020207365745072696f724e6f746573286e756c6c293b0a202020207365744d6f
64655374617465286e756c6c293b0a20202020736574436f6e6e656374696f6e44726f7070656428
66616c7365293b0a2020202073747265616d696e6749645265662e63757272656e74203d206e756c
6c3b0a2020202070656e64696e67486973746f72795265662e63757272656e74203d206e756c6c3b
0a202020206c69766543726564735265662e63757272656e74203d206e756c6c3b0a20207d2c205b
5d293b0a0a2020636f6e737420726566726573684163636f756e7453657373696f6e73203d207573
6543616c6c6261636b286173796e632028746f6b656e3a20737472696e6729203d3e207b0a202020
20747279207b0a202020202020636f6e7374205b73657373696f6e732c206d655d203d2061776169
742050726f6d6973652e616c6c285b0a20202020202020206c6973744163636f756e745365737369
6f6e7328746f6b656e292c0a202020202020202066657463684163636f756e744d6528746f6b656e
292c0a2020202020205d293b0a2020202020207365744163636f756e7453657373696f6e73287365
7373696f6e73293b0a2020202020207365744163636f756e74456d61696c4c696e6b6564286d653f
2e656d61696c203f3f206e756c6c293b0a202020207d206361746368202865727229207b0a202020
2020207365744163636f756e7453657373696f6e73285b5d293b0a20202020202069662028697341
63636f756e74417574684572726f72286572722929207b0a2020202020202020696e76616c696461
746553746f7265644163636f756e742844454641554c545f5245415554485f4e4f54494345293b0a
20202020202020207365744163636f756e74286e756c6c293b0a2020202020202020736574416363
6f756e74456d61696c4c696e6b6564286e756c6c293b0a2020202020207d0a202020207d0a20207d
2c205b5d293b0a0a2020636f6e73742072656d656d62657253657373696f6e203d2075736543616c
6c6261636b280a2020202028696e666f3a207b0a20202020202073657373696f6e49643a20737472
696e673b0a2020202020207773546f6b656e3a20737472696e673b0a202020202020636861726163
74657249643a20737472696e673b0a2020202020206368617261637465724e616d653f3a20737472
696e67207c206e756c6c3b0a202020202020726573756d65436f64653f3a20737472696e67207c20
6e756c6c3b0a202020207d29203d3e207b0a202020202020636f6e73742073746f7265643a205374
6f72656453657373696f6e203d207b0a202020202020202073657373696f6e49643a20696e666f2e
73657373696f6e49642c0a20202020202020207773546f6b656e3a20696e666f2e7773546f6b656e
2c0a202020202020202063686172616374657249643a20696e666f2e63686172616374657249642c
0a20202020202020206368617261637465724e616d653a20696e666f2e6368617261637465724e61
6d65203f3f20756e646566696e65642c0a2020202020202020726573756d65436f64653a20696e66
6f2e726573756d65436f6465203f3f20756e646566696e65642c0a20202020202020207361766564
41743a206e6577204461746528292e746f49534f537472696e6728292c0a2020202020207d3b0a20
20202020207361766553746f72656453657373696f6e2873746f726564293b0a2020202020207365
74536176656453657373696f6e2873746f726564293b0a20202020202069662028696e666f2e7265
73756d65436f646529207b0a2020202020202020766f696420696d706f72742822402f6c69622f72
6573756d652d636163686522292e7468656e28287b2072656d656d6265724c6f63616c526573756d
65207d29203d3e207b0a2020202020202020202072656d656d6265724c6f63616c526573756d6528
7b0a20202020202020202020202063686172616374657249643a20696e666f2e6368617261637465
7249642c0a2020202020202020202020206368617261637465724e616d653a20696e666f2e636861
7261637465724e616d652c0a20202020202020202020202073657373696f6e49643a20696e666f2e
73657373696f6e49642c0a202020202020202020202020726573756d65436f64653a20696e666f2e
726573756d65436f6465212c0a202020202020202020207d293b0a20202020202020207d293b0a20
20202020207d0a202020207d2c0a202020205b5d2c0a2020293b0a0a2020636f6e737420656e6453
657373696f6e203d2075736543616c6c6261636b282829203d3e207b0a202020202f2f20456e6420
6f6e2073657276657220627574206b656570206c6f63616c20726573756d652063726564656e7469
616c7320286d656d6f727920697320706572736973746564207365727665722d73696465292e0a20
202020696e74656e74696f6e616c436c6f73655265662e63757272656e74203d20747275653b0a20
202020736574436f6e6e656374696f6e44726f707065642866616c7365293b0a20202020636c6f73
65536f636b65742874727565293b0a202020206966202873657373696f6e4964202626207773546f
6b656e20262620286163746976654368617261637465724964207c7c206368617261637465722929
207b0a20202020202072656d656d62657253657373696f6e287b0a20202020202020207365737369
6f6e49642c0a20202020202020207773546f6b656e2c0a2020202020202020636861726163746572
49643a206163746976654368617261637465724964203f3f206368617261637465722c0a20202020
202020206368617261637465724e616d652c0a2020202020202020726573756d65436f64652c0a20
20202020207d293b0a202020207d0a20202020636c65617253657373696f6e537461746528293b0a
20202020736574537461747573282269646c6522293b0a202020207365744572726f72286e756c6c
293b0a2020202073657452657374617274696e672866616c7365293b0a20207d2c205b0a20202020
61637469766543686172616374657249642c0a202020206368617261637465722c0a202020206368
617261637465724e616d652c0a20202020636c65617253657373696f6e53746174652c0a20202020
636c6f7365536f636b65742c0a2020202072656d656d62657253657373696f6e2c0a202020207265
73756d65436f64652c0a2020202073657373696f6e49642c0a202020207773546f6b656e2c0a2020
5d293b0a0a2020757365456666656374282829203d3e207b0a202020206d65737361676573456e64
5265662e63757272656e743f2e7363726f6c6c496e746f56696577287b206265686176696f723a20
22736d6f6f746822207d293b0a20207d2c205b6d657373616765732c206973547970696e675d293b
0a0a2020757365456666656374282829203d3e207b0a2020202073657373696f6e49645265662e63
757272656e74203d2073657373696f6e49643b0a20207d2c205b73657373696f6e49645d293b0a0a
2020757365456666656374282829203d3e207b0a202020207374617475735265662e63757272656e
74203d207374617475733b0a20207d2c205b7374617475735d293b0a0a2020757365456666656374
282829203d3e207b0a202020206966202873657373696f6e4964202626207773546f6b656e29207b
0a2020202020206c69766543726564735265662e63757272656e74203d207b0a2020202020202020
73657373696f6e49642c0a20202020202020207773546f6b656e2c0a202020202020202063686172
616374657249643a206163746976654368617261637465724964203f3f206368617261637465722c
0a20202020202020206368617261637465724e616d652c0a2020202020202020726573756d65436f
64652c0a2020202020207d3b0a202020207d0a20207d2c205b73657373696f6e49642c207773546f
6b656e2c2061637469766543686172616374657249642c206368617261637465722c206368617261
637465724e616d652c20726573756d65436f64655d293b0a0a202075736545666665637428282920
3d3e207b0a2020202072657475726e202829203d3e207b0a202020202020696e74656e74696f6e61
6c436c6f73655265662e63757272656e74203d20747275653b0a202020202020636c6f7365536f63
6b65742866616c7365293b0a202020207d3b0a20207d2c205b636c6f7365536f636b65745d293b0a
0a2020757365456666656374282829203d3e207b0a202020206c65742063616e63656c6c6564203d
2066616c73653b0a202020206c6973744c69766543686172616374657273286163636f756e743f2e
746f6b656e290a2020202020202e7468656e28286c69737429203d3e207b0a202020202020202069
66202863616e63656c6c6564207c7c206c6973742e6c656e677468203d3d3d203029207265747572
6e3b0a202020202020202073657443686172616374657273286c697374293b0a2020202020202020
636f6e7374207175657279203d207061727365536861726551756572792877696e646f772e6c6f63
6174696f6e2e736561726368293b0a20202020202020207365744368617261637465722828637572
72656e7429203d3e207b0a202020202020202020206966202871756572792e636861726163746572
4964202626206c6973742e736f6d6528286329203d3e20632e6964203d3d3d2071756572792e6368
6172616374657249642929207b0a20202020202020202020202072657475726e2071756572792e63
68617261637465724964213b0a202020202020202020207d0a202020202020202020207265747572
6e206c6973742e736f6d6528286329203d3e20632e6964203d3d3d2063757272656e7429203f2063
757272656e74203a206c6973745b305d212e69643b0a20202020202020207d293b0a202020202020
7d290a2020202020202e6361746368282829203d3e207b0a20202020202020202f2a206b65657020
66616c6c6261636b206c697374202a2f0a2020202020207d293b0a2020202072657475726e202829
203d3e207b0a20202020202063616e63656c6c6564203d20747275653b0a202020207d3b0a20207d
2c205b6163636f756e743f2e746f6b656e5d293b0a0a2020757365456666656374282829203d3e20
7b0a20202020736574536176656453657373696f6e286c6f616453746f72656453657373696f6e28
29293b0a20202020636f6e73742073746f7265644163636f756e74203d206c6f616453746f726564
4163636f756e7428293b0a202020207365744163636f756e742873746f7265644163636f756e7429
3b0a202020206966202873746f7265644163636f756e7429207b0a202020202020766f6964207265
66726573684163636f756e7453657373696f6e732873746f7265644163636f756e742e746f6b656e
293b0a202020207d0a20207d2c205b726566726573684163636f756e7453657373696f6e735d293b
0a0a20202f2f2050726566696c6c206964656e746974792f766962652f636c6f7468696e67206672
6f6d2073656c65637465642062617365206d6f64656c202850686173652035290a20207573654566
66656374282829203d3e207b0a20202020696620282173686f77437265617465292072657475726e
3b0a202020206c65742063616e63656c6c6564203d2066616c73653b0a20202020766f6964206665
746368426173654d6f64656c50726566696c6c28637573746f6d426173654d6f64656c290a202020
2020202e7468656e28287029203d3e207b0a20202020202020206966202863616e63656c6c656429
2072657475726e3b0a2020202020202020736574437573746f6d4261736528702e61766174617242
617365293b0a2020202020202020736574437573746f6d417070656172616e636528287072657629
203d3e2028707265762e7472696d28292e6c656e677468203e3d203132203f2070726576203a2070
2e6964656e7469747948696e7429293b0a2020202020202020736574437573746f6d456e65726779
28287072657629203d3e2028707265762e7472696d28292e6c656e677468203e3d2034203f207072
6576203a20702e7669626548696e7429293b0a2020202020202020736574437573746f6d436c6f74
68696e6728287072657629203d3e2028707265762e7472696d28292e6c656e677468203e3d203220
3f2070726576203a20702e636c6f7468696e6748696e7429293b0a2020202020207d290a20202020
20202e6361746368282829203d3e207b0a20202020202020202f2a206b656570206d616e75616c20
6669656c6473202a2f0a2020202020207d293b0a2020202072657475726e202829203d3e207b0a20
202020202063616e63656c6c6564203d20747275653b0a202020207d3b0a20207d2c205b63757374
6f6d426173654d6f64656c2c2073686f774372656174655d293b0a0a20202f2f2050726566696c6c
20636c697020656469746f7273207768656e206120637573746f6d20636861726163746572206973
2073656c65637465642e0a2020757365456666656374282829203d3e207b0a20202020636f6e7374
2073656c6563746564203d20636861726163746572732e66696e6428286329203d3e20632e696420
3d3d3d20636861726163746572293b0a20202020696620282173656c6563746564207c7c2073656c
65637465642e6b696e6420213d3d2022637573746f6d22292072657475726e3b0a20202020736574
4d65646961426173652873656c65637465642e6d6564696142617365203f3f202222293b0a202020
20736574436c697049646c652873656c65637465642e6d656469614f76657272696465733f2e6964
6c65203f3f202222293b0a20202020736574436c697054656173696e672873656c65637465642e6d
656469614f76657272696465733f2e74656173696e67203f3f202222293b0a20202020736574436c
6970506c617966756c2873656c65637465642e6d656469614f76657272696465733f2e706c617966
756c203f3f202222293b0a20202020736574436c697041726f757365642873656c65637465642e6d
656469614f76657272696465733f2e61726f75736564203f3f202222293b0a20207d2c205b636861
7261637465722c20636861726163746572735d293b0a0a20202f2f204b6565702061646472657373
2062617220736861726561626c6520776974686f7574207072697661746520746f6b656e73206166
74657220626f6f742e0a2020757365456666656374282829203d3e207b0a20202020696620287374
61747573203d3d3d202269646c6522207c7c20737461747573203d3d3d2022656e64656422207c7c
20737461747573203d3d3d20226572726f722229207b0a2020202020207265706c61636543686172
6163746572496e55726c28636861726163746572293b0a202020207d0a20207d2c205b6368617261
637465722c207374617475735d293b0a0a2020636f6e73742062696e64576562536f636b6574203d
2075736543616c6c6261636b280a20202020280a20202020202077733a20576562536f636b65742c
0a20202020202073657373696f6e3a207b2073657373696f6e49643a20737472696e673b20636861
72616374657249643a20737472696e673b207773546f6b656e3a20737472696e67207d2c0a202020
2029203d3e207b0a20202020202077732e6f6e6f70656e203d202829203d3e207b0a202020202020
202073657453657373696f6e49642873657373696f6e2e73657373696f6e4964293b0a2020202020
2020207365745773546f6b656e2873657373696f6e2e7773546f6b656e293b0a2020202020202020
73657441637469766543686172616374657249642873657373696f6e2e6368617261637465724964
293b0a2020202020207d3b0a0a20202020202077732e6f6e6d657373616765203d20286576656e74
29203d3e207b0a20202020202020206c657420646174613a207b20747970653a20737472696e673b
205b6b65793a20737472696e675d3a20756e6b6e6f776e207d3b0a2020202020202020747279207b
0a2020202020202020202064617461203d204a534f4e2e7061727365286576656e742e6461746120
617320737472696e67293b0a20202020202020207d206361746368207b0a20202020202020202020
72657475726e3b0a20202020202020207d0a0a20202020202020207377697463682028646174612e
7479706529207b0a2020202020202020202063617365202273657373696f6e5f7265616479223a20
7b0a2020202020202020202020207365745374617475732822726561647922293b0a202020202020
202020202020736574436f6e6e656374696f6e44726f707065642866616c7365293b0a2020202020
20202020202020636f6e7374206e616d65203d2028646174612e6368617261637465724e616d6520
617320737472696e6729203f3f206e756c6c3b0a2020202020202020202020207365744368617261
637465724e616d65286e616d65293b0a20202020202020202020202069662028646174612e617661
746172537461746529207b0a20202020202020202020202020207365744176617461725374617465
28646174612e6176617461725374617465206173204176617461725374617465293b0a2020202020
202020202020207d0a20202020202020202020202069662028646174612e73657373696f6e4d6f64
65203d3d3d2022656467655f7061636522207c7c20646174612e73657373696f6e4d6f6465203d3d
3d20226e6f726d616c2229207b0a202020202020202020202020202073657453657373696f6e4d6f
646528646174612e73657373696f6e4d6f6465293b0a2020202020202020202020207d0a20202020
202020202020202069662028646174612e6d6f6465537461746520262620747970656f6620646174
612e6d6f64655374617465203d3d3d20226f626a6563742229207b0a202020202020202020202020
20207365744d6f6465537461746528646174612e6d6f646553746174652061732053657373696f6e
4d6f646555695374617465293b0a20202020202020202020202020207365744d6f64655469636b28
30293b0a2020202020202020202020207d0a20202020202020202020202069662028747970656f66
20646174612e73657373696f6e4e6f746573203d3d3d2022737472696e672220262620646174612e
73657373696f6e4e6f7465732e7472696d282929207b0a2020202020202020202020202020736574
53657373696f6e4e6f74657328646174612e73657373696f6e4e6f7465732e7472696d2829293b0a
2020202020202020202020207d0a20202020202020202020202069662028747970656f6620646174
612e7072696f724e6f746573203d3d3d2022737472696e672220262620646174612e7072696f724e
6f7465732e7472696d282929207b0a20202020202020202020202020207365745072696f724e6f74
657328646174612e7072696f724e6f7465732e7472696d2829293b0a202020202020202020202020
7d0a202020202020202020202020636f6e737420686973746f727946726f6d536572766572203d20
41727261792e6973417272617928646174612e6d65737361676573290a2020202020202020202020
2020203f2028646174612e6d65737361676573206173204d656d6f72794d6573736167655b5d292e
6d617028286d29203d3e20287b0a20202020202020202020202020202020202069643a206d2e6964
2c0a202020202020202020202020202020202020726f6c653a206d2e726f6c652061732043686174
4d6573736167655b22726f6c65225d2c0a202020202020202020202020202020202020636f6e7465
6e743a206d2e636f6e74656e742c0a202020202020202020202020202020207d29290a2020202020
2020202020202020203a206e756c6c3b0a202020202020202020202020636f6e737420686973746f
7279203d20686973746f727946726f6d5365727665723f2e6c656e6774680a202020202020202020
20202020203f20686973746f727946726f6d5365727665720a20202020202020202020202020203a
2070656e64696e67486973746f72795265662e63757272656e743b0a202020202020202020202020
69662028686973746f72793f2e6c656e67746829207b0a2020202020202020202020202020736574
4d6573736167657328686973746f7279293b0a2020202020202020202020207d0a20202020202020
202020202070656e64696e67486973746f72795265662e63757272656e74203d206e756c6c3b0a20
202020202020202020202072656d656d62657253657373696f6e287b0a2020202020202020202020
20202073657373696f6e49643a2073657373696f6e2e73657373696f6e49642c0a20202020202020
202020202020207773546f6b656e3a2073657373696f6e2e7773546f6b656e2c0a20202020202020
2020202020202063686172616374657249643a2073657373696f6e2e63686172616374657249642c
0a20202020202020202020202020206368617261637465724e616d653a206e616d652c0a20202020
20202020202020202020726573756d65436f64652c0a2020202020202020202020207d293b0a2020
2020202020202020202073657452657374617274696e672866616c7365293b0a2020202020202020
20202020696e7075745265662e63757272656e743f2e666f63757328293b0a202020202020202020
202020627265616b3b0a202020202020202020207d0a0a2020202020202020202063617365202261
7373697374616e745f73747265616d223a207b0a202020202020202020202020636f6e7374206d65
73736167654964203d20646174612e6d657373616765496420617320737472696e673b0a20202020
2020202020202020636f6e7374206368756e6b203d20646174612e6368756e6b2061732073747269
6e673b0a2020202020202020202020207365744973547970696e672866616c7365293b0a0a202020
2020202020202020206966202873747265616d696e6749645265662e63757272656e7420213d3d20
6d657373616765496429207b0a202020202020202020202020202073747265616d696e6749645265
662e63757272656e74203d206d65737361676549643b0a2020202020202020202020202020736574
4d6573736167657328287072657629203d3e205b0a202020202020202020202020202020202e2e2e
707265762c0a202020202020202020202020202020207b2069643a206d65737361676549642c2072
6f6c653a2022617373697374616e74222c20636f6e74656e743a206368756e6b2c2073747265616d
696e673a2074727565207d2c0a20202020202020202020202020205d293b0a202020202020202020
2020207d20656c7365207b0a20202020202020202020202020207365744d65737361676573282870
72657629203d3e0a20202020202020202020202020202020707265762e6d617028286d736729203d
3e0a2020202020202020202020202020202020206d73672e6964203d3d3d206d6573736167654964
203f207b202e2e2e6d73672c20636f6e74656e743a206d73672e636f6e74656e74202b206368756e
6b207d203a206d73672c0a20202020202020202020202020202020292c0a20202020202020202020
20202020293b0a2020202020202020202020207d0a202020202020202020202020627265616b3b0a
202020202020202020207d0a0a20202020202020202020636173652022617373697374616e745f63
6f6d706c657465223a207b0a202020202020202020202020636f6e7374206d657373616765496420
3d20646174612e6d657373616765496420617320737472696e673b0a202020202020202020202020
636f6e737420636f6e74656e74203d20646174612e636f6e74656e7420617320737472696e673b0a
202020202020202020202020636f6e737420617661746172496e74656e74203d20646174612e6176
61746172496e74656e74206173204176617461725374617465207c20756e646566696e65643b0a20
2020202020202020202020636f6e7374206e6f746573203d20646174612e73657373696f6e4e6f74
657320617320737472696e67207c20756e646566696e65643b0a2020202020202020202020207374
7265616d696e6749645265662e63757272656e74203d206e756c6c3b0a2020202020202020202020
2073657453656e64696e672866616c7365293b0a2020202020202020202020207365744973547970
696e672866616c7365293b0a0a20202020202020202020202069662028617661746172496e74656e
7429207b0a2020202020202020202020202020736574417661746172537461746528617661746172
496e74656e74293b0a2020202020202020202020207d0a202020202020202020202020696620286e
6f7465733f2e7472696d282929207b0a202020202020202020202020202073657453657373696f6e
4e6f746573286e6f7465732e7472696d2829293b0a2020202020202020202020207d0a2020202020
2020202020202069662028747970656f6620646174612e7072696f724e6f746573203d3d3d202273
7472696e672220262620646174612e7072696f724e6f7465732e7472696d282929207b0a20202020
202020202020202020207365745072696f724e6f74657328646174612e7072696f724e6f7465732e
7472696d2829293b0a2020202020202020202020207d0a2020202020202020202020206966202864
6174612e6d6f6465537461746520262620747970656f6620646174612e6d6f64655374617465203d
3d3d20226f626a6563742229207b0a20202020202020202020202020207365744d6f646553746174
6528646174612e6d6f646553746174652061732053657373696f6e4d6f646555695374617465293b
0a20202020202020202020202020207365744d6f64655469636b2830293b0a202020202020202020
2020207d0a0a2020202020202020202020207365744d6573736167657328287072657629203d3e20
7b0a2020202020202020202020202020636f6e737420657869737473203d20707265762e736f6d65
28286d736729203d3e206d73672e6964203d3d3d206d6573736167654964293b0a20202020202020
202020202020206966202865786973747329207b0a20202020202020202020202020202020726574
75726e20707265762e6d617028286d736729203d3e0a202020202020202020202020202020202020
6d73672e6964203d3d3d206d6573736167654964203f207b202e2e2e6d73672c20636f6e74656e74
2c2073747265616d696e673a2066616c7365207d203a206d73672c0a202020202020202020202020
20202020293b0a20202020202020202020202020207d0a2020202020202020202020202020726574
75726e205b0a202020202020202020202020202020202e2e2e707265762c0a202020202020202020
202020202020207b2069643a206d65737361676549642c20726f6c653a2022617373697374616e74
222c20636f6e74656e742c2073747265616d696e673a2066616c7365207d2c0a2020202020202020
2020202020205d3b0a2020202020202020202020207d293b0a202020202020202020202020627265
616b3b0a202020202020202020207d0a0a202020202020202020206361736520226176617461725f
757064617465223a0a20202020202020202020202073657441766174617253746174652864617461
2e6176617461725374617465206173204176617461725374617465293b0a20202020202020202020
2020627265616b3b0a0a2020202020202020202063617365202273657373696f6e5f656e64656422
3a207b0a2020202020202020202020202f2f20536f667420656e6420e28094206b65657020637265
64656e7469616c7320736f20757365722063616e2072656a6f696e20776974686f75742061206465
616420636f6d706f7365722e0a202020202020202020202020636f6e737420636f6465203d207265
73756d65436f6465203f3f206c69766543726564735265662e63757272656e743f2e726573756d65
436f6465203f3f206e756c6c3b0a20202020202020202020202072656d656d62657253657373696f
6e287b0a202020202020202020202020202073657373696f6e49643a2073657373696f6e2e736573
73696f6e49642c0a20202020202020202020202020207773546f6b656e3a2073657373696f6e2e77
73546f6b656e2c0a202020202020202020202020202063686172616374657249643a207365737369
6f6e2e63686172616374657249642c0a20202020202020202020202020206368617261637465724e
616d653a0a202020202020202020202020202020206c69766543726564735265662e63757272656e
743f2e6368617261637465724e616d65203f3f206368617261637465724e616d652c0a2020202020
202020202020202020726573756d65436f64653a20636f64652c0a2020202020202020202020207d
293b0a20202020202020202020202069662028636f6465207c7c202873657373696f6e2e73657373
696f6e49642026262073657373696f6e2e7773546f6b656e2929207b0a2020202020202020202020
202020736574436f6e6e656374696f6e44726f707065642874727565293b0a202020202020202020
2020207d0a2020202020202020202020207365745374617475732822656e64656422293b0a202020
202020202020202020696e74656e74696f6e616c436c6f73655265662e63757272656e74203d2074
7275653b0a202020202020202020202020636c6f7365536f636b65742866616c7365293b0a202020
202020202020202020627265616b3b0a202020202020202020207d0a0a2020202020202020202063
61736520226572726f72223a0a2020202020202020202020207365744572726f722828646174612e
6d65737361676520617320737472696e6729203f3f2022556e6b6e6f776e20736572766572206572
726f7222293b0a20202020202020202020202073657453746174757328226572726f7222293b0a20
202020202020202020202073657453656e64696e672866616c7365293b0a20202020202020202020
20207365744973547970696e672866616c7365293b0a202020202020202020202020736574526573
74617274696e672866616c7365293b0a202020202020202020202020627265616b3b0a2020202020
2020207d0a2020202020207d3b0a0a20202020202077732e6f6e6572726f72203d202829203d3e20
7b0a2020202020202020636f6e7374207761734c697665203d0a2020202020202020202073746174
75735265662e63757272656e74203d3d3d2022726561647922207c7c0a2020202020202020202073
74617475735265662e63757272656e74203d3d3d2022636f6e6e656374696e6722207c7c0a202020
20202020202020212173657373696f6e49645265662e63757272656e743b0a202020202020202069
6620287761734c69766529207b0a20202020202020202020636f6e7374206372656473203d206c69
766543726564735265662e63757272656e743b0a2020202020202020202069662028637265647329
207b0a20202020202020202020202072656d656d62657253657373696f6e287b0a20202020202020
2020202020202073657373696f6e49643a2063726564732e73657373696f6e49642c0a2020202020
2020202020202020207773546f6b656e3a2063726564732e7773546f6b656e2c0a20202020202020
2020202020202063686172616374657249643a2063726564732e63686172616374657249642c0a20
202020202020202020202020206368617261637465724e616d653a2063726564732e636861726163
7465724e616d652c0a2020202020202020202020202020726573756d65436f64653a206372656473
2e726573756d65436f64652c0a2020202020202020202020207d293b0a202020202020202020207d
0a20202020202020202020736574436f6e6e656374696f6e44726f707065642874727565293b0a20
2020202020202020207365745374617475732822656e64656422293b0a2020202020202020202073
657453656e64696e672866616c7365293b0a202020202020202020207365744973547970696e6728
66616c7365293b0a2020202020202020202073657452657374617274696e672866616c7365293b0a
2020202020202020202072657475726e3b0a20202020202020207d0a202020202020202073657445
72726f722822576562536f636b657420636f6e6e656374696f6e206661696c656422293b0a202020
202020202073657453746174757328226572726f7222293b0a202020202020202073657453656e64
696e672866616c7365293b0a20202020202020207365744973547970696e672866616c7365293b0a
202020202020202073657452657374617274696e672866616c7365293b0a2020202020207d3b0a0a
20202020202077732e6f6e636c6f7365203d202829203d3e207b0a2020202020202020636f6e7374
20696e74656e74696f6e616c203d20696e74656e74696f6e616c436c6f73655265662e6375727265
6e743b0a2020202020202020696e74656e74696f6e616c436c6f73655265662e63757272656e7420
3d2066616c73653b0a202020202020202077735265662e63757272656e74203d206e756c6c3b0a20
2020202020202073657453656e64696e672866616c7365293b0a2020202020202020736574497354
7970696e672866616c7365293b0a202020202020202073657452657374617274696e672866616c73
65293b0a202020202020202069662028696e74656e74696f6e616c292072657475726e3b0a0a2020
202020202020636f6e7374207761734c697665203d0a202020202020202020207374617475735265
662e63757272656e74203d3d3d2022726561647922207c7c0a202020202020202020207374617475
735265662e63757272656e74203d3d3d2022636f6e6e656374696e6722207c7c0a20202020202020
202020212173657373696f6e49645265662e63757272656e743b0a20202020202020206966202877
61734c69766529207b0a20202020202020202020636f6e7374206372656473203d206c6976654372
6564735265662e63757272656e743b0a2020202020202020202069662028637265647329207b0a20
202020202020202020202072656d656d62657253657373696f6e287b0a2020202020202020202020
20202073657373696f6e49643a2063726564732e73657373696f6e49642c0a202020202020202020
20202020207773546f6b656e3a2063726564732e7773546f6b656e2c0a2020202020202020202020
20202063686172616374657249643a2063726564732e63686172616374657249642c0a2020202020
2020202020202020206368617261637465724e616d653a2063726564732e6368617261637465724e
616d652c0a2020202020202020202020202020726573756d65436f64653a2063726564732e726573
756d65436f64652c0a2020202020202020202020207d293b0a202020202020202020207d0a202020
20202020202020736574436f6e6e656374696f6e44726f707065642874727565293b0a2020202020
20202020207365745374617475732822656e64656422293b0a20202020202020207d0a2020202020
207d3b0a202020207d2c0a202020205b6368617261637465724e616d652c20636c6f7365536f636b
65742c2072656d656d62657253657373696f6e2c20726573756d65436f64655d2c0a2020293b0a0a
2020636f6e7374206f70656e4c69766553657373696f6e203d2075736543616c6c6261636b280a20
2020206173796e6320280a20202020202073657373696f6e3a207b0a202020202020202073657373
696f6e49643a20737472696e673b0a202020202020202063686172616374657249643a2073747269
6e673b0a20202020202020207773546f6b656e3a20737472696e673b0a2020202020202020777355
726c3a20737472696e673b0a202020202020202061766174617253746174653a2041766174617253
746174653b0a20202020202020206c6976656b69743f3a204c6976654b69744a6f696e496e666f3b
0a20202020202020206d657373616765733f3a204d656d6f72794d6573736167655b5d3b0a202020
2020202020726573756d65436f64653f3a20737472696e673b0a2020202020202020726573756d65
4578706972657341743f3a20737472696e673b0a2020202020207d2c0a2020202029203d3e207b0a
202020202020636f6e737420686973746f7279203d202873657373696f6e2e6d6573736167657320
3f3f205b5d292e6d617028286d29203d3e20287b0a202020202020202069643a206d2e69642c0a20
20202020202020726f6c653a206d2e726f6c6520617320436861744d6573736167655b22726f6c65
225d2c0a2020202020202020636f6e74656e743a206d2e636f6e74656e742c0a2020202020207d29
293b0a20202020202070656e64696e67486973746f72795265662e63757272656e74203d20686973
746f72792e6c656e677468203f20686973746f7279203a206e756c6c3b0a20202020202069662028
686973746f72792e6c656e67746829207365744d6573736167657328686973746f7279293b0a2020
202020207365744368617261637465722873657373696f6e2e6368617261637465724964293b0a20
202020202073657441766174617253746174652873657373696f6e2e617661746172537461746529
3b0a2020202020207365744c6976656b69742873657373696f6e2e6c6976656b6974203f3f206e75
6c6c293b0a2020202020207365745773546f6b656e2873657373696f6e2e7773546f6b656e293b0a
202020202020736574526573756d65436f64652873657373696f6e2e726573756d65436f6465203f
3f206e756c6c293b0a2020202020202f2f20536c6964696e6720726573756d652054544c3a207365
7276657220657874656e6473206f6e206576657279206f70656e2f726573756d650a202020202020
6966202873657373696f6e2e726573756d65436f64652026262073657373696f6e2e726573756d65
45787069726573417420262620686973746f72792e6c656e677468203e203029207b0a2020202020
202020636f6e737420657870203d20446174652e70617273652873657373696f6e2e726573756d65
457870697265734174293b0a202020202020202069662028214e756d6265722e69734e614e286578
702929207b0a20202020202020202020636f6e73742064617973203d204d6174682e6365696c2828
657870202d20446174652e6e6f77282929202f20283234202a203630202a203630202a2031303030
29293b0a20202020202020202020736574436f70794e6f74696365280a2020202020202020202020
2064617973203e20310a20202020202020202020202020203f2060526573756d6520636f64652065
7874656e64656420c2b720676f6f6420666f72207e247b646179737d206d6f72652064617973600a
20202020202020202020202020203a2022526573756d6520636f646520657874656e64656420c2b7
207374696c6c20616374697665222c0a20202020202020202020293b0a2020202020202020202077
696e646f772e73657454696d656f7574282829203d3e20736574436f70794e6f74696365286e756c
6c292c2032383030293b0a20202020202020207d0a2020202020207d0a202020202020636f6e7374
207773203d206e657720576562536f636b65742873657373696f6e2e777355726c293b0a20202020
202077735265662e63757272656e74203d2077733b0a20202020202062696e64576562536f636b65
742877732c207b0a202020202020202073657373696f6e49643a2073657373696f6e2e7365737369
6f6e49642c0a202020202020202063686172616374657249643a2073657373696f6e2e6368617261
6374657249642c0a20202020202020207773546f6b656e3a2073657373696f6e2e7773546f6b656e
2c0a2020202020207d293b0a202020207d2c0a202020205b62696e64576562536f636b65745d2c0a
2020293b0a0a2020636f6e737420636f6e6e65637453657373696f6e203d2075736543616c6c6261
636b280a202020206173796e6320280a20202020202063686172616374657249643a204368617261
6374657249642c0a2020202020206f7074696f6e733f3a207b2073657373696f6e4d6f64653f3a20
53657373696f6e4d6f6465207d2c0a2020202029203d3e207b0a2020202020207365744572726f72
286e756c6c293b0a2020202020207365745374617475732822636f6e6e656374696e6722293b0a20
202020202070656e64696e67486973746f72795265662e63757272656e74203d206e756c6c3b0a20
202020202073657453657373696f6e4e6f746573286e756c6c293b0a202020202020736574507269
6f724e6f746573286e756c6c293b0a2020202020207365744d6f64655374617465286e756c6c293b
0a0a202020202020636f6e7374206d6f6465203d206f7074696f6e733f2e73657373696f6e4d6f64
65203f3f2073657373696f6e4d6f64653b0a202020202020636f6e73742073657373696f6e203d20
61776169742063726561746553657373696f6e2863686172616374657249642c206163636f756e74
3f2e746f6b656e2c207b0a20202020202020206d65737361676557696e646f772c0a202020202020
202075736543726f737353657373696f6e4d656d6f72793a2021216163636f756e743f2e746f6b65
6e2026262063726f737353657373696f6e4f7074496e2c0a202020202020202073657373696f6e4d
6f64653a206d6f64652c0a2020202020207d293b0a2020202020206966202873657373696f6e2e73
657373696f6e4d6f6465292073657453657373696f6e4d6f64652873657373696f6e2e7365737369
6f6e4d6f6465293b0a202020202020656c736520696620286f7074696f6e733f2e73657373696f6e
4d6f6465292073657453657373696f6e4d6f6465286f7074696f6e732e73657373696f6e4d6f6465
293b0a2020202020206177616974206f70656e4c69766553657373696f6e2873657373696f6e293b
0a202020207d2c0a202020205b6163636f756e743f2e746f6b656e2c206f70656e4c697665536573
73696f6e2c206d65737361676557696e646f772c2063726f737353657373696f6e4f7074496e2c20
73657373696f6e4d6f64655d2c0a2020293b0a0a20202f2f204c6f63616c20636f756e74646f776e
20666f7220656467655f70616365205549206265747765656e20575320757064617465730a202075
7365456666656374282829203d3e207b0a2020202069662028216d6f64655374617465207c7c206d
6f646553746174652e6d6f646520213d3d2022656467655f7061636522207c7c2073746174757320
213d3d2022726561647922292072657475726e3b0a20202020636f6e7374206964203d2077696e64
6f772e736574496e74657276616c282829203d3e207365744d6f64655469636b28287429203d3e20
74202b2031292c2031303030293b0a2020202072657475726e202829203d3e2077696e646f772e63
6c656172496e74657276616c286964293b0a20207d2c205b6d6f646553746174653f2e6d6f64652c
206d6f646553746174653f2e70686173652c206d6f646553746174653f2e706861736552656d6169
6e696e675365632c207374617475735d293b0a0a20202f2f205265736574207469636b207768656e
20736572766572207075736865732061206e657720706861736520736e617073686f740a20207573
65456666656374282829203d3e207b0a202020207365744d6f64655469636b2830293b0a20207d2c
205b6d6f646553746174653f2e70686173652c206d6f646553746174653f2e706861736552656d61
696e696e675365632c206d6f646553746174653f2e6c6162656c5d293b0a0a20202f2f2052656d65
6d626572206d6f646520707265666572656e636520666f72206e6578742053746172742028646565
702d6c696e6b207374696c6c2077696e73206f6e206669727374206c6f6164290a20207573654566
66656374282829203d3e207b0a20202020747279207b0a20202020202077696e646f772e6c6f6361
6c53746f726167652e7365744974656d282270726f636861726163746572732e73657373696f6e4d
6f64652e7631222c2073657373696f6e4d6f6465293b0a202020207d206361746368207b0a202020
2020202f2a2069676e6f7265202a2f0a202020207d0a20207d2c205b73657373696f6e4d6f64655d
293b0a0a20202f2f204c6f61642063726f73732d73657373696f6e206f70742d696e207768656e20
7369676e656420696e202b20636861726163746572206368616e6765730a20207573654566666563
74282829203d3e207b0a2020202069662028216163636f756e743f2e746f6b656e29207b0a202020
20202073657443726f737353657373696f6e4f7074496e2866616c7365293b0a2020202020207265
7475726e3b0a202020207d0a202020206c65742063616e63656c6c6564203d2066616c73653b0a20
202020766f69642067657443726f737353657373696f6e4d656d6f72794f7074496e286163636f75
6e742e746f6b656e2c20636861726163746572290a2020202020202e7468656e28287229203d3e20
7b0a2020202020202020696620282163616e63656c6c6564292073657443726f737353657373696f
6e4f7074496e28722e6f7074496e203d3d3d2074727565293b0a2020202020207d290a2020202020
202e6361746368282829203d3e207b0a2020202020202020696620282163616e63656c6c65642920
73657443726f737353657373696f6e4f7074496e2866616c7365293b0a2020202020207d293b0a20
20202072657475726e202829203d3e207b0a20202020202063616e63656c6c6564203d2074727565
3b0a202020207d3b0a20207d2c205b6163636f756e743f2e746f6b656e2c20636861726163746572
5d293b0a0a2020636f6e737420636f6e6e656374526573756d656453657373696f6e203d20757365
43616c6c6261636b280a202020206173796e63202873746f7265643a2053746f7265645365737369
6f6e29203d3e207b0a2020202020207365744572726f72286e756c6c293b0a202020202020736574
5374617475732822636f6e6e656374696e6722293b0a202020202020636f6e73742073657373696f
6e203d20617761697420726573756d6553657373696f6e2873746f7265642e73657373696f6e4964
2c2073746f7265642e7773546f6b656e293b0a2020202020206177616974206f70656e4c69766553
657373696f6e2873657373696f6e293b0a202020207d2c0a202020205b6f70656e4c697665536573
73696f6e5d2c0a2020293b0a0a2020636f6e737420737461727453657373696f6e203d206173796e
6320280a2020202063686172616374657249643a204368617261637465724964203d206368617261
637465722c0a202020206f7074696f6e733f3a207b2073657373696f6e4d6f64653f3a2053657373
696f6e4d6f6465207d2c0a202029203d3e207b0a20202020636c65617253657373696f6e53746174
6528293b0a20202020736574436861726163746572286368617261637465724964293b0a20202020
696620286f7074696f6e733f2e73657373696f6e4d6f6465292073657453657373696f6e4d6f6465
286f7074696f6e732e73657373696f6e4d6f6465293b0a202020207265706c616365436861726163
746572496e55726c286368617261637465724964293b0a20202020747279207b0a20202020202061
7761697420636f6e6e65637453657373696f6e2863686172616374657249642c206f7074696f6e73
293b0a202020207d206361746368202865727229207b0a2020202020207365744572726f72286572
7220696e7374616e63656f66204572726f72203f206572722e6d657373616765203a20224661696c
656420746f2073746172742073657373696f6e22293b0a2020202020207365745374617475732822
6572726f7222293b0a20202020202073657452657374617274696e672866616c7365293b0a202020
207d0a20207d3b0a0a2020636f6e737420636c656172496d706f72744472616674203d2075736543
616c6c6261636b282829203d3e207b0a20202020736574496d706f7274446f63286e756c6c293b0a
20202020736574496d706f727450726576696577286e756c6c293b0a20202020736574496d706f72
744d697373696e67285b5d293b0a20202020736574496d706f72744368617261637465724d617028
7b7d293b0a20202020736574496d706f72744f70656e496e646578286e756c6c293b0a20207d2c20
5b5d293b0a0a2020636f6e7374206c6f616443686174496d706f727450726576696577203d206173
796e6320280a20202020646f63756d656e743a20756e6b6e6f776e2c0a202020206f7074696f6e73
3f3a207b206368617261637465724d61703f3a205265636f72643c737472696e672c20737472696e
673e3b2066616c6c6261636b43686172616374657249643f3a20737472696e67207d2c0a20202920
3d3e207b0a20202020636f6e7374206d6170203d0a2020202020206f7074696f6e733f2e63686172
61637465724d6170202626204f626a6563742e6b657973286f7074696f6e732e6368617261637465
724d6170292e6c656e677468203e20300a20202020202020203f206f7074696f6e732e6368617261
637465724d61700a20202020202020203a20756e646566696e65643b0a20202020636f6e73742070
726576696577203d2061776169742070726576696577496d706f7274446f63756d656e7428646f63
756d656e742c207b0a2020202020206163636f756e74546f6b656e3a206163636f756e743f2e746f
6b656e2c0a202020202020696d706f7274416c6c3a20747275652c0a202020202020636861726163
7465724d61703a206d61702c0a20202020202066616c6c6261636b43686172616374657249643a20
6f7074696f6e733f2e66616c6c6261636b43686172616374657249642c0a202020207d293b0a2020
2020736574496d706f7274507265766965772870726576696577293b0a202020202f2f2044656661
756c74206f70656e207069636b657220746f206669727374207375636365737366756c20726f7720
286b6565702075736572207069636b206966207374696c6c2076616c6964290a2020202073657449
6d706f72744f70656e496e64657828287072657629203d3e207b0a202020202020636f6e7374206f
6b203d20707265766965772e73657373696f6e732e66696c74657228287329203d3e20732e6f6b29
3b0a202020202020696620287072657620213d206e756c6c202626206f6b2e736f6d652828732920
3d3e20732e696e646578203d3d3d207072657629292072657475726e20707265763b0a2020202020
2072657475726e206f6b5b305d3f2e696e646578203f3f206e756c6c3b0a202020207d293b0a2020
202072657475726e20707265766965773b0a20207d3b0a0a2020636f6e737420696d706f72744368
617446726f6d46696c65203d206173796e63202866696c653a2046696c65207c206e756c6c29203d
3e207b0a20202020696620282166696c65292072657475726e3b0a202020207365744572726f7228
6e756c6c293b0a20202020736574496d706f7274427573792874727565293b0a2020202074727920
7b0a202020202020636f6e73742074657874203d2061776169742066696c652e7465787428293b0a
2020202020206c657420646f63756d656e743a20756e6b6e6f776e3b0a202020202020747279207b
0a2020202020202020646f63756d656e74203d204a534f4e2e70617273652874657874293b0a2020
202020207d206361746368207b0a20202020202020207468726f77206e6577204572726f72282246
696c65206973206e6f742076616c6964204a534f4e22293b0a2020202020207d0a0a202020202020
636f6e7374206c697665496473203d206e65772053657428636861726163746572732e6d61702828
6329203d3e20632e696429293b0a2020202020206c6976654964732e61646428227477696e6b2d64
656661756c7422293b0a2020202020206c6976654964732e616464282266656d616c652d64656661
756c7422293b0a0a202020202020636f6e73742072656673203d20636f6c6c6563744578706f7274
4368617261637465727328646f63756d656e74293b0a202020202020636f6e7374207b206d697373
696e67207d203d20706172746974696f6e4368617261637465727328726566732c206c6976654964
73293b0a202020202020636f6e73742064726166743a205265636f72643c737472696e672c207374
72696e673e203d207b7d3b0a202020202020666f722028636f6e7374206d206f66206d697373696e
6729207b0a202020202020202064726166745b6d2e69645d203d207375676765737446616c6c6261
636b4964286d2e6e616d652c206c697665496473293b0a2020202020207d0a202020202020636f6e
7374206662203d206c6976654964732e68617328227477696e6b2d64656661756c7422290a202020
20202020203f20227477696e6b2d64656661756c74220a20202020202020203a205b2e2e2e6c6976
654964735d5b305d203f3f20227477696e6b2d64656661756c74223b0a0a20202020202073657449
6d706f7274446f6328646f63756d656e74293b0a202020202020736574496d706f72744d69737369
6e67286d697373696e67293b0a202020202020736574496d706f72744368617261637465724d6170
286472616674293b0a202020202020736574496d706f727446616c6c6261636b4964286662293b0a
0a202020202020636f6e73742070726576696577203d206177616974206c6f616443686174496d70
6f72745072657669657728646f63756d656e742c207b0a2020202020202020636861726163746572
4d61703a204f626a6563742e6b657973286472616674292e6c656e677468203f206472616674203a
20756e646566696e65642c0a20202020202020202f2f20416c77617973206f666665722061207361
66657479206e657420666f72206368617420696d706f727473207768656e20616e797468696e6720
6973206d697373696e670a202020202020202066616c6c6261636b43686172616374657249643a20
6d697373696e672e6c656e677468203f206662203a20756e646566696e65642c0a2020202020207d
293b0a0a202020202020666c617368436f7079280a20202020202020206d697373696e672e6c656e
677468203e20300a202020202020202020203f2060507265766965773a20247b707265766965772e
77696c6c537563636565647d20726561647920c2b720247b6d697373696e672e6c656e6774687d20
6e6565642072656d6170600a202020202020202020203a2060507265766965773a20247b70726576
6965772e77696c6c537563636565647d20636861742873292c20247b707265766965772e746f7461
6c4d657373616765737d206d73677320e2809420636f6e6669726d20746f206f70656e602c0a2020
20202020293b0a202020207d206361746368202865727229207b0a2020202020207365744572726f
722865727220696e7374616e63656f66204572726f72203f206572722e6d657373616765203a2022
496d706f72742070726576696577206661696c656422293b0a202020202020636c656172496d706f
7274447261667428293b0a202020207d2066696e616c6c79207b0a202020202020736574496d706f
7274427573792866616c7365293b0a202020207d0a20207d3b0a0a2020636f6e7374206f6e526566
7265736843686174496d706f727450726576696577203d206173796e63202829203d3e207b0a2020
20206966202821696d706f7274446f63292072657475726e3b0a20202020736574496d706f727442
7573792874727565293b0a202020207365744572726f72286e756c6c293b0a20202020747279207b
0a202020202020666f722028636f6e7374206d206f6620696d706f72744d697373696e6729207b0a
20202020202020206966202821696d706f72744368617261637465724d61705b6d2e69645d3f2e74
72696d282929207b0a202020202020202020207365744572726f7228604d61702061206c69766520
63686172616374657220666f7220e2809c247b6d2e6e616d657de2809d60293b0a20202020202020
20202072657475726e3b0a20202020202020207d0a2020202020207d0a202020202020636f6e7374
2070726576696577203d206177616974206c6f616443686174496d706f7274507265766965772869
6d706f7274446f632c207b0a20202020202020206368617261637465724d61703a204f626a656374
2e6b65797328696d706f72744368617261637465724d6170292e6c656e6774680a20202020202020
2020203f20696d706f72744368617261637465724d61700a202020202020202020203a20756e6465
66696e65642c0a202020202020202066616c6c6261636b43686172616374657249643a20696d706f
72744d697373696e672e6c656e677468203f20696d706f727446616c6c6261636b4964203a20756e
646566696e65642c0a2020202020207d293b0a202020202020666c617368436f7079280a20202020
20202020605072657669657720757064617465643a20247b707265766965772e77696c6c53756363
6565647d2077696c6c20696d706f72742c20247b707265766965772e77696c6c4661696c7d20626c
6f636b6564602c0a202020202020293b0a202020207d206361746368202865727229207b0a202020
2020207365744572726f722865727220696e7374616e63656f66204572726f72203f206572722e6d
657373616765203a202250726576696577206661696c656422293b0a202020207d2066696e616c6c
79207b0a202020202020736574496d706f7274427573792866616c7365293b0a202020207d0a2020
7d3b0a0a2020636f6e737420636f6e6669726d43686174496d706f7274203d206173796e63202829
203d3e207b0a202020206966202821696d706f7274446f63292072657475726e3b0a20202020666f
722028636f6e7374206d206f6620696d706f72744d697373696e6729207b0a202020202020696620
2821696d706f72744368617261637465724d61705b6d2e69645d3f2e7472696d282929207b0a2020
2020202020207365744572726f7228604d61702061206c6976652063686172616374657220666f72
20e2809c247b6d2e6e616d657de2809d60293b0a202020202020202072657475726e3b0a20202020
20207d0a202020207d0a20202020736574496d706f7274427573792874727565293b0a2020202073
65744572726f72286e756c6c293b0a20202020747279207b0a202020202020636f6e7374206f7074
73203d207b0a20202020202020206368617261637465724d61703a204f626a6563742e6b65797328
696d706f72744368617261637465724d6170292e6c656e6774680a202020202020202020203f2069
6d706f72744368617261637465724d61700a202020202020202020203a20756e646566696e65642c
0a202020202020202066616c6c6261636b43686172616374657249643a20696d706f72744d697373
696e672e6c656e677468203f20696d706f727446616c6c6261636b4964203a20756e646566696e65
642c0a2020202020207d3b0a202020202020636f6e73742070726576696577203d20617761697420
6c6f616443686174496d706f72745072657669657728696d706f7274446f632c206f707473293b0a
20202020202069662028707265766965772e77696c6c53756363656564203d3d3d203029207b0a20
202020202020207365744572726f7228224e6f7468696e6720776f756c6420696d706f727420e280
94206669782072656d61707322293b0a2020202020202020736574496d706f727442757379286661
6c7365293b0a202020202020202072657475726e3b0a2020202020207d0a0a202020202020636c65
617253657373696f6e537461746528293b0a2020202020207365745374617475732822636f6e6e65
6374696e6722293b0a202020202020636f6e73742073657373696f6e203d20617761697420696d70
6f727453657373696f6e446f63756d656e7428696d706f7274446f632c207b0a2020202020202020
6163636f756e74546f6b656e3a206163636f756e743f2e746f6b656e2c0a2020202020202020696d
706f7274416c6c3a20747275652c0a20202020202020206368617261637465724d61703a206f7074
732e6368617261637465724d61702c0a202020202020202066616c6c6261636b4368617261637465
7249643a206f7074732e66616c6c6261636b4368617261637465724964203f3f20227477696e6b2d
64656661756c74222c0a20202020202020206f70656e496e6465783a20696d706f72744f70656e49
6e646578203f3f20756e646566696e65642c0a2020202020207d293b0a202020202020636c656172
496d706f7274447261667428293b0a2020202020206177616974206f70656e4c6976655365737369
6f6e2873657373696f6e293b0a202020202020636f6e73742072656d6170706564203d0a20202020
20202020212173657373696f6e2e696d706f727465642e72656d617070656446726f6d207c7c0a20
20202020202020212173657373696f6e2e62756c6b3f2e726573756c74732e736f6d652828722920
3d3e20722e6f6b20262620722e72656d617070656446726f6d293b0a202020202020666c61736843
6f7079280a202020202020202060247b696d706f7274466c61736853756d6d617279287365737369
6f6e297d247b73657373696f6e2e696d706f727465642e7472756e6361746564203f202220287472
696d6d65642922203a2022227d247b0a2020202020202020202072656d6170706564203f202220c2
b72072656d617070656422203a2022220a20202020202020207d602c0a202020202020293b0a2020
202020206966202873657373696f6e2e62756c6b2026262073657373696f6e2e62756c6b2e666169
6c6564203e203029207b0a20202020202020207365744572726f72280a2020202020202020202060
247b73657373696f6e2e62756c6b2e6661696c65647d206368617428732920636f756c64206e6f74
20626520726573746f7265642028656d707479206f7220756e6d617070656429602c0a2020202020
202020293b0a2020202020207d0a202020207d206361746368202865727229207b0a202020202020
7365744572726f722865727220696e7374616e63656f66204572726f72203f206572722e6d657373
616765203a2022496d706f7274206661696c656422293b0a20202020202073657453746174757328
226572726f7222293b0a20202020202073657452657374617274696e672866616c7365293b0a2020
20207d2066696e616c6c79207b0a202020202020736574496d706f7274427573792866616c736529
3b0a202020207d0a20207d3b0a0a2020636f6e737420726573756d654c61737453657373696f6e20
3d206173796e63202873746f7265644f766572726964653f3a2053746f72656453657373696f6e29
203d3e207b0a20202020636f6e73742073746f726564203d2073746f7265644f7665727269646520
3f3f20736176656453657373696f6e203f3f206c6f616453746f72656453657373696f6e28293b0a
20202020696620282173746f72656429207b0a2020202020207365744572726f7228224e6f207361
7665642073657373696f6e206f6e20746869732064657669636522293b0a20202020202072657475
726e3b0a202020207d0a20202020636c65617253657373696f6e537461746528293b0a2020202074
7279207b0a202020202020617761697420636f6e6e656374526573756d656453657373696f6e2873
746f726564293b0a202020207d206361746368202865727229207b0a202020202020696620282173
746f7265644f7665727269646529207b0a2020202020202020636c65617253746f72656453657373
696f6e28293b0a2020202020202020736574536176656453657373696f6e286e756c6c293b0a2020
202020207d0a2020202020207365744572726f72280a202020202020202065727220696e7374616e
63656f66204572726f720a202020202020202020203f206572722e6d6573736167650a2020202020
20202020203a2022436f756c64206e6f7420726573756d6520e280942073746172742061206e6577
2073657373696f6e222c0a202020202020293b0a2020202020207365745374617475732822657272
6f7222293b0a202020207d0a20207d3b0a0a20202f2f20446565702d6c696e6b733a203f6d616769
633d20203f6368617261637465723d20203f726573756d653d20206f72206c6567616379203f7365
7373696f6e3d26746f6b656e3d0a2020757365456666656374282829203d3e207b0a202020206966
2028646565704c696e6b48616e646c65645265662e63757272656e74292072657475726e3b0a2020
202069662028747970656f662077696e646f77203d3d3d2022756e646566696e6564222920726574
75726e3b0a0a20202020636f6e7374207175657279203d2070617273655368617265517565727928
77696e646f772e6c6f636174696f6e2e736561726368293b0a0a202020206966202871756572792e
6d61676963546f6b656e29207b0a202020202020646565704c696e6b48616e646c65645265662e63
757272656e74203d20747275653b0a202020202020766f696420286173796e63202829203d3e207b
0a20202020202020207365744163636f756e74427573792874727565293b0a202020202020202073
65744572726f72286e756c6c293b0a2020202020202020747279207b0a2020202020202020202063
6f6e737420726573756c74203d206177616974207665726966794d616769634c696e6b2871756572
792e6d61676963546f6b656e21293b0a20202020202020202020636f6e73742073746f7265643a20
53746f7265644163636f756e74203d207b0a2020202020202020202020206163636f756e7449643a
20726573756c742e6163636f756e7449642c0a20202020202020202020202068616e646c653a2072
6573756c742e68616e646c652c0a202020202020202020202020746f6b656e3a20726573756c742e
746f6b656e2c0a2020202020202020202020206578706972657341743a20726573756c742e657870
6972657341742c0a202020202020202020202020736176656441743a206e6577204461746528292e
746f49534f537472696e6728292c0a202020202020202020207d3b0a202020202020202020207361
766553746f7265644163636f756e742873746f726564293b0a202020202020202020207365744163
636f756e742873746f726564293b0a2020202020202020202073657453686f774163636f756e7428
74727565293b0a20202020202020202020617761697420726566726573684163636f756e74536573
73696f6e732873746f7265642e746f6b656e293b0a20202020202020202020666c617368436f7079
28605369676e656420696e2061732040247b726573756c742e68616e646c657d60293b0a20202020
2020202020207265706c616365436861726163746572496e55726c286e756c6c293b0a2020202020
2020207d206361746368202865727229207b0a202020202020202020207365744572726f72286572
7220696e7374616e63656f66204572726f72203f206572722e6d657373616765203a20224d616769
63206c696e6b206661696c656422293b0a2020202020202020202073657453686f774163636f756e
742874727565293b0a20202020202020207d2066696e616c6c79207b0a2020202020202020202073
65744163636f756e74427573792866616c7365293b0a20202020202020207d0a2020202020207d29
28293b0a20202020202072657475726e3b0a202020207d0a0a202020206966202863686172616374
6572732e6c656e677468203d3d3d2030292072657475726e3b0a2020202069662028217175657279
2e6368617261637465724964202626202171756572792e726573756d65436f646520262620212871
756572792e73657373696f6e49642026262071756572792e746f6b656e29292072657475726e3b0a
0a20202020646565704c696e6b48616e646c65645265662e63757272656e74203d20747275653b0a
0a202020206966202871756572792e726573756d65436f646529207b0a202020202020766f696420
286173796e63202829203d3e207b0a2020202020202020747279207b0a2020202020202020202073
65745374617475732822636f6e6e656374696e6722293b0a20202020202020202020636f6e737420
73657373696f6e203d20617761697420726573756d654279436f64652871756572792e726573756d
65436f646521293b0a202020202020202020206177616974206f70656e4c69766553657373696f6e
2873657373696f6e293b0a20202020202020207d206361746368202865727229207b0a2020202020
20202020207365744572726f722865727220696e7374616e63656f66204572726f72203f20657272
2e6d657373616765203a2022496e76616c696420726573756d6520636f646522293b0a2020202020
202020202073657453746174757328226572726f7222293b0a20202020202020207d0a2020202020
207d2928293b0a20202020202072657475726e3b0a202020207d0a0a202020206966202871756572
792e73657373696f6e49642026262071756572792e746f6b656e29207b0a202020202020636f6e73
742073746f7265643a2053746f72656453657373696f6e203d207b0a202020202020202073657373
696f6e49643a2071756572792e73657373696f6e49642c0a20202020202020207773546f6b656e3a
2071756572792e746f6b656e2c0a202020202020202063686172616374657249643a207175657279
2e6368617261637465724964203f3f20227477696e6b2d64656661756c74222c0a20202020202020
20736176656441743a206e6577204461746528292e746f49534f537472696e6728292c0a20202020
20207d3b0a202020202020766f696420726573756d654c61737453657373696f6e2873746f726564
293b0a20202020202072657475726e3b0a202020207d0a0a202020206966202871756572792e6368
61726163746572496429207b0a202020202020636f6e737420657869737473203d20636861726163
746572732e736f6d6528286329203d3e20632e6964203d3d3d2071756572792e6368617261637465
724964293b0a202020202020696620282165786973747329207b0a20202020202020207365744572
726f72280a2020202020202020202060556e6b6e6f776e2063686172616374657220e2809c247b71
756572792e63686172616374657249647de2809d20e28094206974206d6179206265206120637573
746f6d206d6f64656c206e6f74206f6e2074686973207365727665722e602c0a2020202020202020
293b0a202020202020202072657475726e3b0a2020202020207d0a20202020202073657443686172
61637465722871756572792e6368617261637465724964293b0a2020202020202f2f20446565702d
6c696e6b206d6f64653d656467655f70616365206d757374206170706c79206265666f7265206372
6561746553657373696f6e2028737461746520616c6f6e6520697320746f6f206c617465292e0a20
20202020206966202871756572792e73657373696f6e4d6f646529207b0a20202020202020207365
7453657373696f6e4d6f64652871756572792e73657373696f6e4d6f6465293b0a2020202020207d
0a2020202020206966202871756572792e6175746f737461727429207b0a2020202020202020766f
696420737461727453657373696f6e280a2020202020202020202071756572792e63686172616374
657249642c0a2020202020202020202071756572792e73657373696f6e4d6f6465203f207b207365
7373696f6e4d6f64653a2071756572792e73657373696f6e4d6f6465207d203a20756e646566696e
65642c0a2020202020202020293b0a2020202020207d0a202020207d0a202020202f2f2065736c69
6e742d64697361626c652d6e6578742d6c696e652072656163742d686f6f6b732f65786861757374
6976652d64657073202d2d20626f6f74206f6e6365207768656e20636174616c6f67207265616479
0a20207d2c205b636861726163746572735d293b0a0a2020636f6e737420666c617368436f707920
3d20286c6162656c3a20737472696e6729203d3e207b0a20202020736574436f70794e6f74696365
286c6162656c293b0a2020202077696e646f772e73657454696d656f7574282829203d3e20736574
436f70794e6f74696365286e756c6c292c2032323030293b0a20207d3b0a0a2020636f6e73742073
686172654368617261637465724c696e6b203d206173796e6320286175746f7374617274203d2066
616c736529203d3e207b0a20202020636f6e73742075726c203d206275696c644368617261637465
72536861726555726c286368617261637465722c207b206175746f73746172742c20636172643a20
216175746f7374617274207d293b0a20202020636f6e7374206e616d65203d0a2020202020206368
61726163746572732e66696e6428286329203d3e20632e6964203d3d3d2063686172616374657229
3f2e646973706c61794e616d65203f3f206368617261637465724e616d65203f3f20636861726163
7465723b0a20202020636f6e737420726573756c74203d2061776169742073686172654f72436f70
7955726c287b0a20202020202075726c2c0a2020202020207469746c653a2060247b6e616d657d20
c2b72050726f63686172616374657273602c0a202020202020746578743a206175746f7374617274
0a20202020202020203f206043686174207769746820247b6e616d657d206f6e2050726f63686172
6163746572732e636c6f7564600a20202020202020203a20604d65657420247b6e616d657d206f6e
2050726f636861726163746572732e636c6f7564602c0a202020207d293b0a20202020636f6e7374
206c6162656c203d20736861726555726c526573756c744c6162656c280a20202020202072657375
6c742c0a2020202020206175746f7374617274203f20224175746f7374617274206c696e6b22203a
20224368617261637465722063617264222c0a20202020293b0a20202020696620286c6162656c29
20666c617368436f7079286c6162656c293b0a20207d3b0a0a2020636f6e73742073686172655072
6976617465526573756d654c696e6b203d206173796e63202829203d3e207b0a2020202069662028
21726573756d65436f646529207b0a2020202020207365744572726f7228225374617274206f7220
726573756d6520612073657373696f6e20666972737420e2809420726573756d6520636f6465206e
6f742072656164792079657422293b0a20202020202072657475726e3b0a202020207d0a20202020
636f6e73742075726c203d206275696c64526573756d65436f6465536861726555726c2872657375
6d65436f64652c207b0a20202020202063686172616374657249643a206163746976654368617261
637465724964203f3f206368617261637465722c0a202020207d293b0a20202020636f6e73742072
6573756c74203d2061776169742073686172654f72436f707955726c287b0a20202020202075726c
2c0a2020202020207469746c653a2022526573756d652050726f6368617261637465727320636861
74222c0a202020202020746578743a2060436f6e74696e756520796f757220636861742028636f64
6520247b726573756d65436f64657d29602c0a202020207d293b0a20202020636f6e7374206c6162
656c203d20736861726555726c526573756c744c6162656c28726573756c742c2060526573756d65
20247b726573756d65436f64657d60293b0a20202020696620286c6162656c2920666c617368436f
7079286c6162656c293b0a20207d3b0a0a2020636f6e7374206578706f727443686174203d206173
796e632028666f726d61743a20226a736f6e22207c20226d6422203d20226a736f6e2229203d3e20
7b0a20202020696620282173657373696f6e4964207c7c20217773546f6b656e29207b0a20202020
20207365744572726f722822537461727420612073657373696f6e206265666f7265206578706f72
74696e6722293b0a20202020202072657475726e3b0a202020207d0a20202020747279207b0a2020
20202020636f6e737420726573756c74203d206177616974206578706f72744c6976655365737369
6f6e2873657373696f6e49642c207773546f6b656e2c20666f726d6174293b0a2020202020206966
2028666f726d6174203d3d3d20226d642229207b0a2020202020202020666c617368436f70792860
4d61726b646f776e20e2869220247b726573756c742e66696c656e616d657d60293b0a2020202020
207d20656c7365207b0a2020202020202020666c617368436f707928604578706f7274656420247b
726573756c742e646f633f2e73657373696f6e2e6d657373616765436f756e74203f3f20223f227d
206d73677320e2869220247b726573756c742e66696c656e616d657d60293b0a2020202020207d0a
202020207d206361746368202865727229207b0a2020202020207365744572726f72286572722069
6e7374616e63656f66204572726f72203f206572722e6d657373616765203a20224578706f727420
6661696c656422293b0a202020207d0a20207d3b0a0a2020636f6e7374207368617265436861744d
61726b646f776e203d206173796e63202829203d3e207b0a20202020636f6e737420736166654e61
6d65203d20286368617261637465724e616d65203f3f20636861726163746572203f3f2022636861
7422290a2020202020202e746f4c6f7765724361736528290a2020202020202e7265706c61636528
2f5b5e612d7a302d395d2b2f672c20222d22290a2020202020202e7265706c616365282f5e2d7c2d
242f672c202222290a2020202020202e736c69636528302c203430293b0a20202020636f6e737420
646179203d206e6577204461746528292e746f49534f537472696e6728292e736c69636528302c20
3130293b0a20202020636f6e73742066696c656e616d65203d206070726f63686172616374657273
2d247b736166654e616d65207c7c202263686174227d2d247b6461797d2e6d64603b0a2020202063
6f6e7374207469746c65203d206043686174207769746820247b6368617261637465724e616d6520
3f3f20636861726163746572203f3f2022636861726163746572227d603b0a0a20202020636f6e73
742064656c69766572203d206173796e6320286d61726b646f776e3a20737472696e672c206b696e
643a20737472696e6729203d3e207b0a202020202020636f6e737420726573756c74203d20617761
69742073686172654f72436f707954657874287b207469746c652c20746578743a206d61726b646f
776e2c2066696c656e616d65207d293b0a202020202020636f6e7374206c6162656c203d20736861
7265526573756c744c6162656c28726573756c742c206b696e64293b0a202020202020696620286c
6162656c2920666c617368436f7079286c6162656c293b0a202020207d3b0a0a2020202074727920
7b0a2020202020206c6574206d61726b646f776e3a20737472696e673b0a20202020202069662028
73657373696f6e4964202626207773546f6b656e29207b0a20202020202020206d61726b646f776e
203d2061776169742066657463684c69766553657373696f6e4d61726b646f776e2873657373696f
6e49642c207773546f6b656e293b0a2020202020207d20656c736520696620286d65737361676573
2e6c656e677468203e203029207b0a2020202020202020636f6e7374207b206275696c644c6f6361
6c5472616e7363726970744d61726b646f776e207d203d20617761697420696d706f72742822402f
6c69622f7472616e7363726970742d6d6422293b0a20202020202020206d61726b646f776e203d20
6275696c644c6f63616c5472616e7363726970744d61726b646f776e287b0a202020202020202020
206368617261637465724e616d653a206368617261637465724e616d65203f3f2063686172616374
65722c0a2020202020202020202063686172616374657249643a2061637469766543686172616374
65724964203f3f206368617261637465722c0a2020202020202020202073657373696f6e49642c0a
20202020202020202020726573756d65436f64652c0a202020202020202020206d65737361676573
3a206d657373616765730a2020202020202020202020202e66696c74657228286d29203d3e206d2e
726f6c65203d3d3d20227573657222207c7c206d2e726f6c65203d3d3d2022617373697374616e74
22290a2020202020202020202020202e6d617028286d29203d3e20287b0a20202020202020202020
20202020726f6c653a206d2e726f6c6520617320227573657222207c2022617373697374616e7422
2c0a2020202020202020202020202020636f6e74656e743a206d2e636f6e74656e742c0a20202020
20202020202020207d29292c0a20202020202020207d293b0a2020202020207d20656c7365207b0a
20202020202020207365744572726f7228224e6f7468696e6720746f2073686172652079657420e2
8094207374617274206368617474696e6720666972737422293b0a20202020202020207265747572
6e3b0a2020202020207d0a20202020202061776169742064656c69766572286d61726b646f776e2c
20225472616e73637269707422293b0a202020207d206361746368202865727229207b0a20202020
20202f2f2046616c6c6261636b3a206275696c642066726f6d206c6f63616c206d65737361676573
20696620736572766572206578706f7274206661696c73206d69642d73747265616d0a2020202020
20696620286d657373616765732e6c656e677468203e203029207b0a202020202020202074727920
7b0a20202020202020202020636f6e7374207b206275696c644c6f63616c5472616e736372697074
4d61726b646f776e207d203d20617761697420696d706f72742822402f6c69622f7472616e736372
6970742d6d6422293b0a20202020202020202020636f6e7374206d61726b646f776e203d20627569
6c644c6f63616c5472616e7363726970744d61726b646f776e287b0a202020202020202020202020
6368617261637465724e616d653a206368617261637465724e616d65203f3f206368617261637465
722c0a20202020202020202020202063686172616374657249643a20616374697665436861726163
7465724964203f3f206368617261637465722c0a20202020202020202020202073657373696f6e49
642c0a202020202020202020202020726573756d65436f64652c0a2020202020202020202020206d
657373616765733a206d657373616765730a20202020202020202020202020202e66696c74657228
286d29203d3e206d2e726f6c65203d3d3d20227573657222207c7c206d2e726f6c65203d3d3d2022
617373697374616e7422290a20202020202020202020202020202e6d617028286d29203d3e20287b
0a20202020202020202020202020202020726f6c653a206d2e726f6c652061732022757365722220
7c2022617373697374616e74222c0a20202020202020202020202020202020636f6e74656e743a20
6d2e636f6e74656e742c0a20202020202020202020202020207d29292c0a20202020202020202020
7d293b0a2020202020202020202061776169742064656c69766572286d61726b646f776e2c202254
72616e73637269707422293b0a2020202020202020202072657475726e3b0a20202020202020207d
206361746368207b0a202020202020202020202f2a2066616c6c207468726f756768202a2f0a2020
2020202020207d0a2020202020207d0a2020202020207365744572726f722865727220696e737461
6e63656f66204572726f72203f206572722e6d657373616765203a20225368617265207472616e73
6372697074206661696c656422293b0a202020207d0a20207d3b0a0a2020636f6e7374206170706c
794163636f756e7441757468203d206173796e632028726573756c743a207b0a202020206163636f
756e7449643a20737472696e673b0a2020202068616e646c653a20737472696e673b0a2020202074
6f6b656e3a20737472696e673b0a202020206578706972657341743a20737472696e673b0a20207d
2c206c6162656c3a20737472696e6729203d3e207b0a20202020636f6e73742073746f7265643a20
53746f7265644163636f756e74203d207b0a2020202020206163636f756e7449643a20726573756c
742e6163636f756e7449642c0a20202020202068616e646c653a20726573756c742e68616e646c65
2c0a202020202020746f6b656e3a20726573756c742e746f6b656e2c0a2020202020206578706972
657341743a20726573756c742e6578706972657341742c0a202020202020736176656441743a206e
6577204461746528292e746f49534f537472696e6728292c0a202020207d3b0a2020202073617665
53746f7265644163636f756e742873746f726564293b0a202020207365744163636f756e74287374
6f726564293b0a202020207365744163636f756e7450617373282222293b0a202020207365744d61
6769634465764c696e6b286e756c6c293b0a20202020617761697420726566726573684163636f75
6e7453657373696f6e732873746f7265642e746f6b656e293b0a202020206966202873657373696f
6e496429207b0a202020202020747279207b0a2020202020202020636f6e737420636c61696d6564
203d20617761697420636c61696d53657373696f6e2873746f7265642e746f6b656e2c2073657373
696f6e4964293b0a202020202020202069662028636c61696d65642e726573756d65436f64652920
7b0a20202020202020202020736574526573756d65436f646528636c61696d65642e726573756d65
436f6465293b0a2020202020202020202072656d656d62657253657373696f6e287b0a2020202020
2020202020202073657373696f6e49642c0a2020202020202020202020207773546f6b656e3a2077
73546f6b656e203f3f2022222c0a20202020202020202020202063686172616374657249643a2061
63746976654368617261637465724964203f3f206368617261637465722c0a202020202020202020
2020206368617261637465724e616d652c0a202020202020202020202020726573756d65436f6465
3a20636c61696d65642e726573756d65436f64652c0a202020202020202020207d293b0a20202020
202020207d0a20202020202020202f2f205265667265736820736f206c697374202b20726573756d
65206361636865207069636b2075702074686520636c61696d65642073657373696f6e0a20202020
20202020617761697420726566726573684163636f756e7453657373696f6e732873746f7265642e
746f6b656e293b0a2020202020207d206361746368207b0a20202020202020202f2a206f7074696f
6e616c20636c61696d202a2f0a2020202020207d0a202020207d0a20202020666c617368436f7079
286c6162656c293b0a20207d3b0a0a2020636f6e73742068616e646c654163636f756e7441757468
203d206173796e6320286d6f64653a20226c6f67696e22207c202272656769737465722229203d3e
207b0a202020207365744163636f756e74427573792874727565293b0a202020207365744572726f
72286e756c6c293b0a20202020747279207b0a202020202020636f6e737420726573756c74203d0a
20202020202020206d6f6465203d3d3d20227265676973746572220a202020202020202020203f20
61776169742072656769737465724163636f756e74286163636f756e7448616e646c652e7472696d
28292c206163636f756e7450617373290a202020202020202020203a206177616974206c6f67696e
4163636f756e74286163636f756e7448616e646c652e7472696d28292c206163636f756e74506173
73293b0a2020202020206177616974206170706c794163636f756e7441757468280a202020202020
2020726573756c742c0a20202020202020206d6f6465203d3d3d2022726567697374657222203f20
224163636f756e74206372656174656422203a20605369676e656420696e20617320247b72657375
6c742e68616e646c657d602c0a202020202020293b0a202020207d20636174636820286572722920
7b0a2020202020207365744572726f722865727220696e7374616e63656f66204572726f72203f20
6572722e6d657373616765203a20224163636f756e742061757468206661696c656422293b0a2020
20207d2066696e616c6c79207b0a2020202020207365744163636f756e74427573792866616c7365
293b0a202020207d0a20207d3b0a0a2020636f6e73742068616e646c654d61676963526571756573
74203d206173796e63202829203d3e207b0a202020207365744163636f756e744275737928747275
65293b0a202020207365744572726f72286e756c6c293b0a202020207365744d616769634465764c
696e6b286e756c6c293b0a20202020747279207b0a202020202020636f6e737420726573756c7420
3d20617761697420726571756573744d616769634c696e6b286163636f756e74456d61696c2e7472
696d2829293b0a20202020202069662028726573756c742e6d6167696355726c29207b0a20202020
202020207365744d616769634465764c696e6b28726573756c742e6d6167696355726c293b0a2020
202020202020666c617368436f707928726573756c742e64656c697665726564203f2022456d6169
6c2073656e7422203a20224d61676963206c696e6b20726561647920286f70656e2062656c6f7729
22293b0a2020202020207d20656c7365207b0a2020202020202020666c617368436f707928726573
756c742e64656c697665726564203f2022436865636b20796f757220656d61696c22203a20225265
71756573742073656e7422293b0a2020202020207d0a202020207d20636174636820286572722920
7b0a2020202020207365744572726f722865727220696e7374616e63656f66204572726f72203f20
6572722e6d657373616765203a20224d61676963206c696e6b206661696c656422293b0a20202020
7d2066696e616c6c79207b0a2020202020207365744163636f756e74427573792866616c7365293b
0a202020207d0a20207d3b0a0a2020636f6e73742068616e646c654c696e6b456d61696c203d2061
73796e63202829203d3e207b0a2020202069662028216163636f756e74292072657475726e3b0a20
2020207365744163636f756e74427573792874727565293b0a202020207365744572726f72286e75
6c6c293b0a202020207365744d616769634465764c696e6b286e756c6c293b0a2020202074727920
7b0a202020202020636f6e737420726573756c74203d206177616974206c696e6b456d61696c546f
4163636f756e74286163636f756e742e746f6b656e2c206163636f756e74456d61696c2e7472696d
2829293b0a20202020202069662028726573756c742e6d6167696355726c29207b0a202020202020
20207365744d616769634465764c696e6b28726573756c742e6d6167696355726c293b0a20202020
20202020666c617368436f70792822436f6e6669726d20656d61696c206c696e6b20726561647922
293b0a2020202020207d20656c7365207b0a2020202020202020666c617368436f70792872657375
6c742e64656c697665726564203f2022436865636b20796f757220656d61696c20746f20636f6e66
69726d22203a20224c696e6b20726571756573742073656e7422293b0a2020202020207d0a202020
207d206361746368202865727229207b0a2020202020207365744572726f722865727220696e7374
616e63656f66204572726f72203f206572722e6d657373616765203a2022436f756c64206e6f7420
6c696e6b20656d61696c22293b0a202020207d2066696e616c6c79207b0a20202020202073657441
63636f756e74427573792866616c7365293b0a202020207d0a20207d3b0a0a2020636f6e73742068
616e646c654163636f756e744c6f676f7574203d206173796e63202829203d3e207b0a2020202069
6620286163636f756e7429207b0a202020202020747279207b0a2020202020202020617761697420
6c6f676f75744163636f756e74286163636f756e742e746f6b656e293b0a2020202020207d206361
746368207b0a20202020202020202f2a2069676e6f7265202a2f0a2020202020207d0a202020207d
0a20202020636c65617253746f7265644163636f756e7428293b0a202020207365744163636f756e
74286e756c6c293b0a202020207365744163636f756e7453657373696f6e73285b5d293b0a202020
20666c617368436f707928225369676e6564206f757422293b0a20207d3b0a0a2020636f6e737420
68616e646c65526573756d65436f64655375626d6974203d206173796e63202829203d3e207b0a20
202020636f6e737420636f6465203d20726573756d65436f6465496e7075742e7472696d28293b0a
2020202069662028636f64652e6c656e677468203c203629207b0a2020202020207365744572726f
722822456e74657220612076616c696420726573756d6520636f646522293b0a2020202020207265
7475726e3b0a202020207d0a20202020636c65617253657373696f6e537461746528293b0a202020
20747279207b0a2020202020207365745374617475732822636f6e6e656374696e6722293b0a2020
20202020636f6e73742073657373696f6e203d20617761697420726573756d654279436f64652863
6f6465293b0a2020202020206177616974206f70656e4c69766553657373696f6e2873657373696f
6e293b0a202020202020736574526573756d65436f6465496e707574282222293b0a202020207d20
6361746368202865727229207b0a2020202020207365744572726f722865727220696e7374616e63
656f66204572726f72203f206572722e6d657373616765203a2022526573756d6520636f64652066
61696c656422293b0a20202020202073657453746174757328226572726f7222293b0a202020207d
0a20207d3b0a0a2020636f6e73742068616e646c654163636f756e7453657373696f6e526573756d
65203d206173796e63202873657373696f6e4964546f526573756d653a20737472696e6729203d3e
207b0a2020202069662028216163636f756e74292072657475726e3b0a20202020636c6561725365
7373696f6e537461746528293b0a20202020747279207b0a20202020202073657453746174757328
22636f6e6e656374696e6722293b0a202020202020636f6e73742073657373696f6e203d20617761
697420726573756d654163636f756e7453657373696f6e286163636f756e742e746f6b656e2c2073
657373696f6e4964546f526573756d65293b0a2020202020206177616974206f70656e4c69766553
657373696f6e2873657373696f6e293b0a202020207d206361746368202865727229207b0a202020
2020207365744572726f722865727220696e7374616e63656f66204572726f72203f206572722e6d
657373616765203a2022436f756c64206e6f7420726573756d65206163636f756e74207365737369
6f6e22293b0a20202020202073657453746174757328226572726f7222293b0a202020207d0a2020
7d3b0a0a2020636f6e73742073746172744e657753657373696f6e203d206173796e63202829203d
3e207b0a2020202073657452657374617274696e672874727565293b0a202020207365744572726f
72286e756c6c293b0a20202020696e74656e74696f6e616c436c6f73655265662e63757272656e74
203d20747275653b0a20202020736574436f6e6e656374696f6e44726f707065642866616c736529
3b0a20202020636c6f7365536f636b65742874727565293b0a20202020636c65617253657373696f
6e537461746528293b0a20202020747279207b0a202020202020617761697420636f6e6e65637453
657373696f6e28636861726163746572293b0a202020207d206361746368202865727229207b0a20
20202020207365744572726f722865727220696e7374616e63656f66204572726f72203f20657272
2e6d657373616765203a20224661696c656420746f207374617274206e65772073657373696f6e22
293b0a20202020202073657453746174757328226572726f7222293b0a2020202020207365745265
7374617274696e672866616c7365293b0a202020207d0a20207d3b0a0a2020636f6e73742072656a
6f696e416674657244726f70203d2075736543616c6c6261636b286173796e63202829203d3e207b
0a20202020736574436f6e6e656374696f6e44726f707065642866616c7365293b0a202020207365
744572726f72286e756c6c293b0a2020202073657452657374617274696e672874727565293b0a20
202020747279207b0a202020202020636f6e737420636f6465203d0a202020202020202072657375
6d65436f6465203f3f0a2020202020202020736176656453657373696f6e3f2e726573756d65436f
6465203f3f0a20202020202020206c69766543726564735265662e63757272656e743f2e72657375
6d65436f6465203f3f0a20202020202020206e756c6c3b0a20202020202069662028636f64652920
7b0a20202020202020207365745374617475732822636f6e6e656374696e6722293b0a2020202020
202020636f6e73742073657373696f6e203d20617761697420726573756d654279436f646528636f
6465293b0a20202020202020206177616974206f70656e4c69766553657373696f6e287365737369
6f6e293b0a202020202020202072657475726e3b0a2020202020207d0a202020202020636f6e7374
2073746f7265643a2053746f72656453657373696f6e207c206e756c6c203d0a2020202020202020
73657373696f6e4964202626207773546f6b656e0a202020202020202020203f207b0a2020202020
20202020202020202073657373696f6e49642c0a20202020202020202020202020207773546f6b65
6e2c0a202020202020202020202020202063686172616374657249643a2061637469766543686172
61637465724964203f3f206368617261637465722c0a202020202020202020202020202063686172
61637465724e616d653a206368617261637465724e616d65203f3f20756e646566696e65642c0a20
20202020202020202020202020726573756d65436f64653a20726573756d65436f6465203f3f2075
6e646566696e65642c0a2020202020202020202020202020736176656441743a206e657720446174
6528292e746f49534f537472696e6728292c0a2020202020202020202020207d0a20202020202020
2020203a20736176656453657373696f6e203f3f0a202020202020202020202020286c6976654372
6564735265662e63757272656e740a20202020202020202020202020203f207b0a20202020202020
202020202020202020202073657373696f6e49643a206c69766543726564735265662e6375727265
6e742e73657373696f6e49642c0a2020202020202020202020202020202020207773546f6b656e3a
206c69766543726564735265662e63757272656e742e7773546f6b656e2c0a202020202020202020
20202020202020202063686172616374657249643a206c69766543726564735265662e6375727265
6e742e63686172616374657249642c0a202020202020202020202020202020202020636861726163
7465724e616d653a0a20202020202020202020202020202020202020206c69766543726564735265
662e63757272656e742e6368617261637465724e616d65203f3f20756e646566696e65642c0a2020
20202020202020202020202020202020726573756d65436f64653a206c6976654372656473526566
2e63757272656e742e726573756d65436f6465203f3f20756e646566696e65642c0a202020202020
202020202020202020202020736176656441743a206e6577204461746528292e746f49534f537472
696e6728292c0a202020202020202020202020202020207d0a20202020202020202020202020203a
206e756c6c293b0a2020202020206966202873746f72656429207b0a202020202020202061776169
7420636f6e6e656374526573756d656453657373696f6e2873746f726564293b0a20202020202020
2072657475726e3b0a2020202020207d0a2020202020207468726f77206e6577204572726f722822
4e6f7468696e6720746f2072656a6f696e20e280942073746172742061206e65772073657373696f
6e22293b0a202020207d206361746368202865727229207b0a2020202020207365744572726f7228
65727220696e7374616e63656f66204572726f72203f206572722e6d657373616765203a20225265
6a6f696e206661696c656422293b0a20202020202073657453746174757328226572726f7222293b
0a202020202020736574436f6e6e656374696f6e44726f707065642874727565293b0a202020207d
2066696e616c6c79207b0a20202020202073657452657374617274696e672866616c7365293b0a20
2020207d0a20207d2c205b0a2020202061637469766543686172616374657249642c0a2020202063
68617261637465722c0a202020206368617261637465724e616d652c0a20202020636f6e6e656374
526573756d656453657373696f6e2c0a202020206f70656e4c69766553657373696f6e2c0a202020
20726573756d65436f64652c0a20202020736176656453657373696f6e2c0a202020207365737369
6f6e49642c0a202020207773546f6b656e2c0a20205d293b0a0a2020636f6e7374206275696c644d
656469614f7665727269646573203d202829203d3e207b0a20202020636f6e7374206d656469614f
76657272696465733a207b0a20202020202069646c653f3a20737472696e673b0a20202020202074
656173696e673f3a20737472696e673b0a202020202020706c617966756c3f3a20737472696e673b
0a20202020202061726f757365643f3a20737472696e673b0a202020207d203d207b7d3b0a202020
2069662028636c697049646c652e7472696d282929206d656469614f76657272696465732e69646c
65203d20636c697049646c652e7472696d28293b0a2020202069662028636c697054656173696e67
2e7472696d282929206d656469614f76657272696465732e74656173696e67203d20636c69705465
6173696e672e7472696d28293b0a2020202069662028636c6970506c617966756c2e7472696d2829
29206d656469614f76657272696465732e706c617966756c203d20636c6970506c617966756c2e74
72696d28293b0a2020202069662028636c697041726f757365642e7472696d282929206d65646961
4f76657272696465732e61726f75736564203d20636c697041726f757365642e7472696d28293b0a
2020202072657475726e204f626a6563742e6b657973286d656469614f7665727269646573292e6c
656e677468203e2030203f206d656469614f7665727269646573203a20756e646566696e65643b0a
20207d3b0a0a2020636f6e73742068616e646c65437265617465437573746f6d203d206173796e63
202829203d3e207b0a2020202069662028216163636f756e743f2e746f6b656e29207b0a20202020
20207365744572726f7228225369676e20696e20746f20736176652061204d792043686172616374
65722028707269766174652922293b0a20202020202073657453686f774163636f756e7428747275
65293b0a20202020202072657475726e3b0a202020207d0a202020207365744372656174696e6728
74727565293b0a202020207365744572726f72286e756c6c293b0a20202020747279207b0a202020
202020636f6e7374206b657950687261736573203d205b637573746f6d506872617365312c206375
73746f6d506872617365322c20637573746f6d506872617365335d0a20202020202020202e6d6170
28287029203d3e20702e7472696d2829290a20202020202020202e66696c74657228287029203d3e
20702e6c656e677468203e3d2032293b0a202020202020636f6e7374207363656e6573203d205b0a
20202020202020207b207469746c653a20637573746f6d5363656e65315469746c652c20626f6479
3a20637573746f6d5363656e6531426f6479207d2c0a20202020202020207b207469746c653a2063
7573746f6d5363656e65325469746c652c20626f64793a20637573746f6d5363656e6532426f6479
207d2c0a20202020202020207b207469746c653a20637573746f6d5363656e65335469746c652c20
626f64793a20637573746f6d5363656e6533426f6479207d2c0a2020202020205d0a202020202020
20202e6d617028287329203d3e20287b207469746c653a20732e7469746c652e7472696d28292c20
626f64793a20732e626f64792e7472696d2829207d29290a20202020202020202e66696c74657228
287329203d3e20732e7469746c652e6c656e677468203e3d203220262620732e626f64792e6c656e
677468203e3d203132293b0a0a202020202020636f6e73742063726561746564203d206177616974
20637265617465437573746f6d436861726163746572280a20202020202020207b0a202020202020
202020206e616d653a20637573746f6d4e616d652e7472696d28292c0a2020202020202020202061
7070656172616e63653a20637573746f6d417070656172616e63652e7472696d28292c0a20202020
202020202020656e657267793a20637573746f6d456e657267792e7472696d2829207c7c20756e64
6566696e65642c0a20202020202020202020636c6f7468696e673a20637573746f6d436c6f746869
6e672e7472696d2829207c7c20756e646566696e65642c0a20202020202020202020626173654d6f
64656c49643a20637573746f6d426173654d6f64656c2c0a20202020202020202020617661746172
426173653a20637573746f6d426173652c0a2020202020202020202061756469656e63653a206375
73746f6d42617365203d3d3d202266656d616c652d64656661756c7422203f202273747261696768
7422203a2022676179222c0a202020202020202020206b6579506872617365733a206b6579506872
617365732e6c656e677468203f206b657950687261736573203a20756e646566696e65642c0a2020
20202020202020207363656e65733a207363656e65732e6c656e677468203f207363656e6573203a
20756e646566696e65642c0a202020202020202020206d65646961426173653a206d656469614261
73652e7472696d2829207c7c20756e646566696e65642c0a202020202020202020206d656469614f
76657272696465733a206275696c644d656469614f766572726964657328292c0a20202020202020
207d2c0a20202020202020206163636f756e742e746f6b656e2c0a202020202020293b0a20202020
2020636f6e7374206f7074696f6e3a204c6976654368617261637465724f7074696f6e203d207b0a
202020202020202069643a20637265617465642e69642c0a2020202020202020646973706c61794e
616d653a20637265617465642e646973706c61794e616d652c0a202020202020202064656661756c
7456657273696f6e3a20637265617465642e64656661756c7456657273696f6e2c0a202020202020
20206b696e643a2022637573746f6d222c0a2020202020202020617661746172426173653a206372
65617465642e617661746172426173652c0a2020202020202020656e657267794c6162656c3a2063
7265617465642e656e657267794c6162656c2c0a20202020202020206d65646961426173653a2063
7265617465642e6d65646961426173652c0a20202020202020206d656469614f7665727269646573
3a20637265617465642e6d656469614f76657272696465732c0a2020202020202020636c6970733a
20637265617465642e636c6970732c0a2020202020207d3b0a202020202020736574436861726163
7465727328287072657629203d3e207b0a202020202020202069662028707265762e736f6d652828
6329203d3e20632e6964203d3d3d206f7074696f6e2e696429292072657475726e20707265763b0a
202020202020202072657475726e205b2e2e2e707265762c206f7074696f6e5d3b0a202020202020
7d293b0a20202020202073657443686172616374657228637265617465642e6964293b0a20202020
20207265706c616365436861726163746572496e55726c28637265617465642e6964293b0a202020
20202073657453686f774372656174652866616c7365293b0a202020202020736574437573746f6d
4e616d65282222293b0a202020202020736574437573746f6d417070656172616e6365282222293b
0a202020202020736574437573746f6d456e65726779282222293b0a202020202020736574437573
746f6d436c6f7468696e67282222293b0a202020202020736574437573746f6d5068726173653128
2222293b0a202020202020736574437573746f6d50687261736532282222293b0a20202020202073
6574437573746f6d50687261736533282222293b0a202020202020736574437573746f6d5363656e
65315469746c65282222293b0a202020202020736574437573746f6d5363656e6531426f64792822
22293b0a202020202020736574437573746f6d5363656e65325469746c65282222293b0a20202020
2020736574437573746f6d5363656e6532426f6479282222293b0a20202020202073657443757374
6f6d5363656e65335469746c65282222293b0a202020202020736574437573746f6d5363656e6533
426f6479282222293b0a2020202020207365744d6564696142617365282222293b0a202020202020
736574436c697049646c65282222293b0a202020202020736574436c697054656173696e67282222
293b0a202020202020736574436c6970506c617966756c282222293b0a202020202020736574436c
697041726f75736564282222293b0a20202020202073657453686f774d65646961416476616e6365
642866616c7365293b0a202020202020666c617368436f707928224d792043686172616374657220
73617665642028707269766174652920e2809420726561647920746f206368617422293b0a202020
207d206361746368202865727229207b0a2020202020207365744572726f722865727220696e7374
616e63656f66204572726f72203f206572722e6d657373616765203a20224661696c656420746f20
637265617465204d792043686172616374657222293b0a202020207d2066696e616c6c79207b0a20
20202020207365744372656174696e672866616c7365293b0a202020207d0a20207d3b0a0a202063
6f6e73742068616e646c65536176654d65646961466f7253656c6563746564203d206173796e6320
2829203d3e207b0a20202020636f6e73742073656c6563746564203d20636861726163746572732e
66696e6428286329203d3e20632e6964203d3d3d20636861726163746572293b0a20202020696620
282173656c6563746564207c7c2073656c65637465642e6b696e6420213d3d2022637573746f6d22
29207b0a2020202020207365744572726f72282253656c656374206120637573746f6d2063686172
616374657220746f2075706461746520636c69707322293b0a20202020202072657475726e3b0a20
2020207d0a202020207365744372656174696e672874727565293b0a202020207365744572726f72
286e756c6c293b0a20202020747279207b0a202020202020636f6e73742075706461746564203d20
617761697420757064617465437573746f6d4368617261637465722873656c65637465642e69642c
207b0a20202020202020206d65646961426173653a206d65646961426173652e7472696d2829203f
206d65646961426173652e7472696d2829203a206e756c6c2c0a20202020202020206d656469614f
76657272696465733a206275696c644d656469614f76657272696465732829203f3f206e756c6c2c
0a2020202020207d293b0a2020202020207365744368617261637465727328287072657629203d3e
0a2020202020202020707265762e6d617028286329203d3e0a20202020202020202020632e696420
3d3d3d2073656c65637465642e69640a2020202020202020202020203f207b0a2020202020202020
20202020202020202e2e2e632c0a202020202020202020202020202020206d65646961426173653a
20757064617465642e6d65646961426173652c0a202020202020202020202020202020206d656469
614f76657272696465733a20757064617465642e6d656469614f76657272696465732c0a20202020
202020202020202020202020636c6970733a20757064617465642e636c6970732c0a202020202020
20202020202020207d0a2020202020202020202020203a20632c0a2020202020202020292c0a2020
20202020293b0a202020202020666c617368436f70792822436c6970207061636b20757064617465
6422293b0a202020207d206361746368202865727229207b0a2020202020207365744572726f7228
65727220696e7374616e63656f66204572726f72203f206572722e6d657373616765203a20224661
696c656420746f2075706461746520636c69707322293b0a202020207d2066696e616c6c79207b0a
2020202020207365744372656174696e672866616c7365293b0a202020207d0a20207d3b0a0a2020
636f6e7374206170706c79436c6970526573756c74203d20280a2020202073656c65637465644964
3a20737472696e672c0a202020206d656469614f76657272696465733f3a207b2069646c653f3a20
737472696e673b2074656173696e673f3a20737472696e673b20706c617966756c3f3a2073747269
6e673b2061726f757365643f3a20737472696e67207d2c0a20202020636c6970733f3a204c697665
4368617261637465724f7074696f6e5b22636c697073225d2c0a202029203d3e207b0a2020202069
6620286d656469614f76657272696465733f2e69646c652920736574436c697049646c65286d6564
69614f76657272696465732e69646c65293b0a20202020696620286d656469614f76657272696465
733f2e74656173696e672920736574436c697054656173696e67286d656469614f76657272696465
732e74656173696e67293b0a20202020696620286d656469614f76657272696465733f2e706c6179
66756c2920736574436c6970506c617966756c286d656469614f76657272696465732e706c617966
756c293b0a20202020696620286d656469614f76657272696465733f2e61726f7573656429207365
74436c697041726f75736564286d656469614f76657272696465732e61726f75736564293b0a2020
20207365744368617261637465727328287072657629203d3e0a202020202020707265762e6d6170
28286329203d3e0a2020202020202020632e6964203d3d3d2073656c656374656449640a20202020
2020202020203f207b0a20202020202020202020202020202e2e2e632c0a20202020202020202020
202020206d656469614f76657272696465733a206d656469614f7665727269646573203f3f20632e
6d656469614f76657272696465732c0a2020202020202020202020202020636c6970733a20636c69
7073203f3f20632e636c6970732c0a2020202020202020202020207d0a202020202020202020203a
20632c0a202020202020292c0a20202020293b0a20207d3b0a0a2020636f6e73742068616e646c65
55706c6f6164436c6970203d206173796e632028656d6f74696f6e3a204d65646961436c69704b65
792c2066696c653a2046696c65207c206e756c6c29203d3e207b0a20202020696620282166696c65
292072657475726e3b0a20202020636f6e73742073656c6563746564203d20636861726163746572
732e66696e6428286329203d3e20632e6964203d3d3d20636861726163746572293b0a2020202069
6620282173656c6563746564207c7c2073656c65637465642e6b696e6420213d3d2022637573746f
6d2229207b0a2020202020207365744572726f72282253656c656374206120637573746f6d206368
61726163746572206265666f72652075706c6f6164696e6720636c69707322293b0a202020202020
72657475726e3b0a202020207d0a202020207365744372656174696e672874727565293b0a202020
207365744572726f72286e756c6c293b0a20202020747279207b0a202020202020636f6e73742072
6573756c74203d2061776169742075706c6f6164436861726163746572436c69702873656c656374
65642e69642c20656d6f74696f6e2c2066696c65293b0a2020202020206170706c79436c69705265
73756c742873656c65637465642e69642c20726573756c742e6d656469614f76657272696465732c
20726573756c742e636c697073293b0a202020202020666c617368436f7079286055706c6f616465
6420247b656d6f74696f6e7d20636c697060293b0a202020207d206361746368202865727229207b
0a2020202020207365744572726f722865727220696e7374616e63656f66204572726f72203f2065
72722e6d657373616765203a202255706c6f6164206661696c656422293b0a202020207d2066696e
616c6c79207b0a2020202020207365744372656174696e672866616c7365293b0a202020207d0a20
207d3b0a0a2020636f6e73742068616e646c65426174636855706c6f6164203d206173796e632028
66696c654c6973743a2046696c654c697374207c206e756c6c29203d3e207b0a2020202069662028
2166696c654c6973743f2e6c656e677468292072657475726e3b0a20202020636f6e73742073656c
6563746564203d20636861726163746572732e66696e6428286329203d3e20632e6964203d3d3d20
636861726163746572293b0a20202020696620282173656c6563746564207c7c2073656c65637465
642e6b696e6420213d3d2022637573746f6d2229207b0a2020202020207365744572726f72282253
656c656374206120637573746f6d20636861726163746572206265666f72652075706c6f6164696e
6720636c69707322293b0a20202020202072657475726e3b0a202020207d0a202020207365744372
656174696e672874727565293b0a202020207365744572726f72286e756c6c293b0a202020207472
79207b0a202020202020636f6e73742066696c6573203d2041727261792e66726f6d2866696c654c
697374293b0a202020202020636f6e737420726573756c74203d2061776169742075706c6f616443
6861726163746572436c69707342617463682873656c65637465642e69642c2066696c6573293b0a
2020202020206170706c79436c6970526573756c742873656c65637465642e69642c20726573756c
742e6d656469614f76657272696465732c20726573756c742e636c697073293b0a20202020202063
6f6e7374206e203d20726573756c742e75706c6f616465642e6c656e6774683b0a20202020202063
6f6e737420736b6970203d20726573756c742e736b69707065642e6c656e6774683b0a2020202020
20666c617368436f7079280a2020202020202020736b6970203e20300a202020202020202020203f
206055706c6f6164656420247b6e7d20636c69702873292c20736b697070656420247b736b69707d
600a202020202020202020203a206055706c6f6164656420247b6e7d20636c6970287329602c0a20
2020202020293b0a20202020202069662028736b6970203e203029207b0a20202020202020207365
744572726f72280a20202020202020202020726573756c742e736b69707065642e6d617028287329
203d3e2060247b732e66696c656e616d657d3a20247b732e726561736f6e7d60292e6a6f696e2822
20c2b72022292c0a2020202020202020293b0a2020202020207d0a202020207d2063617463682028
65727229207b0a2020202020207365744572726f722865727220696e7374616e63656f6620457272
6f72203f206572722e6d657373616765203a202242617463682075706c6f6164206661696c656422
293b0a202020207d2066696e616c6c79207b0a2020202020207365744372656174696e672866616c
7365293b0a202020207d0a20207d3b0a0a2020636f6e73742068616e646c6544656c657465437573
746f6d203d206173796e63202829203d3e207b0a20202020636f6e73742073656c6563746564203d
20636861726163746572732e66696e6428286329203d3e20632e6964203d3d3d2063686172616374
6572293b0a20202020696620282173656c6563746564207c7c2073656c65637465642e6b696e6420
213d3d2022637573746f6d22292072657475726e3b0a20202020696620282177696e646f772e636f
6e6669726d286044656c65746520637573746f6d2063686172616374657220e2809c247b73656c65
637465642e646973706c61794e616d657de2809d3f6029292072657475726e3b0a0a202020207365
744572726f72286e756c6c293b0a20202020747279207b0a20202020202061776169742064656c65
7465437573746f6d4368617261637465722873656c65637465642e69642c206163636f756e743f2e
746f6b656e293b0a2020202020207365744368617261637465727328287072657629203d3e207072
65762e66696c74657228286329203d3e20632e696420213d3d2073656c65637465642e696429293b
0a20202020202073657443686172616374657228227477696e6b2d64656661756c7422293b0a2020
20207d206361746368202865727229207b0a2020202020207365744572726f722865727220696e73
74616e63656f66204572726f72203f206572722e6d657373616765203a20224661696c656420746f
2064656c6574652063686172616374657222293b0a202020207d0a20207d3b0a0a2020636f6e7374
2073656e644d657373616765203d202829203d3e207b0a20202020636f6e7374207773203d207773
5265662e63757272656e743b0a20202020636f6e73742074657874203d20696e7075742e7472696d
28293b0a2020202069662028217773207c7c2077732e7265616479537461746520213d3d20576562
536f636b65742e4f50454e207c7c202174657874207c7c2073656e64696e67292072657475726e3b
0a0a20202020636f6e737420757365724d6573736167653a20436861744d657373616765203d207b
0a20202020202069643a206d616b65496428292c0a202020202020726f6c653a202275736572222c
0a202020202020636f6e74656e743a20746578742c0a202020207d3b0a0a202020207365744d6573
736167657328287072657629203d3e205b2e2e2e707265762c20757365724d6573736167655d293b
0a20202020736574496e707574282222293b0a2020202073657453656e64696e672874727565293b
0a202020207365744973547970696e672874727565293b0a0a2020202077732e73656e64284a534f
4e2e737472696e67696679287b20747970653a2022757365725f6d657373616765222c20636f6e74
656e743a2074657874207d29293b0a20207d3b0a0a2020636f6e73742068616e646c654b6579446f
776e203d2028653a2052656163742e4b6579626f6172644576656e743c48544d4c54657874417265
61456c656d656e743e29203d3e207b0a2020202069662028652e6b6579203d3d3d2022456e746572
222026262021652e73686966744b657929207b0a202020202020652e70726576656e744465666175
6c7428293b0a20202020202073656e644d65737361676528293b0a202020207d0a20207d3b0a0a20
20636f6e73742073657373696f6e416374697665203d20737461747573203d3d3d20227265616479
22207c7c20737461747573203d3d3d2022636f6e6e656374696e6722207c7c207265737461727469
6e673b0a2020636f6e73742063616e53656e64203d20737461747573203d3d3d2022726561647922
202626202173656e64696e6720262620696e7075742e7472696d28292e6c656e677468203e20303b
0a2020636f6e7374207374617475734c6162656c203d0a20202020737461747573203d3d3d202272
65616479220a2020202020203f2022436f6e6e6563746564220a2020202020203a20737461747573
203d3d3d2022636f6e6e656374696e6722207c7c2072657374617274696e670a2020202020202020
3f2022436f6e6e656374696e67e280a6220a20202020202020203a20737461747573203d3d3d2022
656e646564220a202020202020202020203f202253657373696f6e20656e646564220a2020202020
20202020203a20737461747573203d3d3d20226572726f72220a2020202020202020202020203f20
224572726f72220a2020202020202020202020203a2022446973636f6e6e6563746564223b0a0a20
2072657475726e20280a202020203c6d61696e20636c6173734e616d653d2272656c617469766520
666c6578206d696e2d682d64766820666c65782d636f6c206f766572666c6f772d782d6869646465
6e2070622d5b656e7628736166652d617265612d696e7365742d626f74746f6d295d223e0a202020
2020203c64697620636c6173734e616d653d22706f696e7465722d6576656e74732d6e6f6e652061
62736f6c75746520696e7365742d302062672d6272616e642d6d65736822202f3e0a202020202020
3c64697620636c6173734e616d653d22706f696e7465722d6576656e74732d6e6f6e65206162736f
6c75746520696e7365742d302062672d5b72616469616c2d6772616469656e7428636972636c655f
61745f3830255f30252c72676261283232352c32392c3134332c302e3038292c7472616e73706172
656e745f343025295d22202f3e0a0a2020202020207b2f2a20537469636b7920676c61737320746f
70206368726f6d65202a2f7d0a2020202020203c68656164657220636c6173734e616d653d22676c
6173732d62617220737469636b7920746f702d30207a2d33302070742d5b656e7628736166652d61
7265612d696e7365742d746f702c307078295d223e0a20202020202020203c64697620636c617373
4e616d653d226d782d6175746f20666c6578206d61782d772d35786c206974656d732d63656e7465
72206761702d322070782d332070792d322e3520736d3a70782d3420736d3a70792d33223e0a2020
20202020202020203c64697620636c6173734e616d653d226d696e2d772d3020666c65782d31223e
0a2020202020202020202020203c7020636c6173734e616d653d22746578742d5b313070785d2075
707065726361736520747261636b696e672d5b302e3235656d5d20746578742d6272616e642d6163
63656e74223e4e6175676874792053796e7461783c2f703e0a2020202020202020202020203c6831
20636c6173734e616d653d227472756e636174652062672d6772616469656e742d746f2d72206672
6f6d2d6272616e642d7465787420746f2d6272616e642d616363656e742062672d636c69702d7465
787420746578742d6261736520666f6e742d73656d69626f6c6420747261636b696e672d74696768
7420746578742d7472616e73706172656e7420736d3a746578742d786c223e0a2020202020202020
2020202020204c69766520636861740a2020202020202020202020203c2f68313e0a202020202020
202020203c2f6469763e0a202020202020202020203c7370616e20636c6173734e616d653d226869
6464656e206974656d732d63656e746572206761702d312e3520726f756e6465642d66756c6c2062
6f7264657220626f726465722d6272616e642d626f726465722062672d6272616e642d70616e656c
2f38302070782d322e352070792d3120746578742d5b313170785d20746578742d6272616e642d6d
7574656420736d3a696e6c696e652d666c6578223e0a2020202020202020202020203c5374617475
73446f74207374617475733d7b7374617475737d202f3e0a2020202020202020202020207b737461
7475734c6162656c7d0a202020202020202020203c2f7370616e3e0a202020202020202020203c73
70616e20636c6173734e616d653d2268696464656e20736d3a696e6c696e652d666c6578223e0a20
20202020202020202020203c4c6976654b6974426164676520726f6f6d5374617475733d7b6c6976
656b6974526f6f6d5374617475737d20636f6d70616374202f3e0a202020202020202020203c2f73
70616e3e0a202020202020202020207b636f70794e6f7469636520262620280a2020202020202020
202020203c7370616e20636c6173734e616d653d2268696464656e206d61782d772d5b313072656d
5d207472756e6361746520746578742d5b313170785d20746578742d6272616e642d616363656e74
20736d3a696e6c696e652220726f6c653d22737461747573223e0a20202020202020202020202020
207b636f70794e6f746963657d0a2020202020202020202020203c2f7370616e3e0a202020202020
20202020297d0a202020202020202020203c6120687265663d222f2220636c6173734e616d653d22
62746e2d67686f7374206d696e2d682d302070782d322e352070792d312e3520746578742d787320
736d3a70782d3320736d3a746578742d736d223e0a20202020202020202020202047616c6c657279
0a202020202020202020203c2f613e0a202020202020202020203c6120687265663d222f6163636f
756e742220636c6173734e616d653d2262746e2d67686f7374206d696e2d682d302070782d322e35
2070792d312e3520746578742d787320736d3a70782d3320736d3a746578742d736d223e0a202020
20202020202020202053657474696e67730a202020202020202020203c2f613e0a20202020202020
2020203c627574746f6e0a202020202020202020202020747970653d22627574746f6e220a202020
2020202020202020206f6e436c69636b3d7b2829203d3e2073657453686f774163636f756e742828
7629203d3e202176297d0a202020202020202020202020636c6173734e616d653d7b6062746e2d67
686f7374206d696e2d682d302070782d322e352070792d312e3520746578742d787320736d3a7078
2d3320736d3a746578742d736d20247b0a202020202020202020202020202073686f774163636f75
6e74203f2022626f726465722d6272616e642d616363656e7420746578742d6272616e642d616363
656e7422203a2022220a2020202020202020202020207d607d0a202020202020202020203e0a2020
202020202020202020207b6163636f756e74203f206040247b6163636f756e742e68616e646c657d
60203a20224163636f756e74227d0a202020202020202020203c2f627574746f6e3e0a2020202020
2020203c2f6469763e0a20202020202020207b636f70794e6f7469636520262620280a2020202020
20202020203c7020636c6173734e616d653d22626f726465722d7420626f726465722d6272616e64
2d626f726465722f35302070782d332070792d3120746578742d63656e74657220746578742d5b31
3170785d20746578742d6272616e642d616363656e7420736d3a68696464656e2220726f6c653d22
737461747573223e0a2020202020202020202020207b636f70794e6f746963657d0a202020202020
202020203c2f703e0a2020202020202020297d0a2020202020203c2f6865616465723e0a0a202020
2020203c64697620636c6173734e616d653d2272656c6174697665206d782d6175746f20666c6578
20772d66756c6c206d61782d772d35786c20666c65782d3120666c65782d636f6c2070782d332070
742d3320736d3a70782d3420736d3a70742d35223e0a20202020202020203c53657373696f6e4175
746842616e6e65720a20202020202020202020636c6173734e616d653d226d622d33220a20202020
2020202020206f6e496e76616c6964617465643d7b2829203d3e207b0a2020202020202020202020
207365744163636f756e74286e756c6c293b0a2020202020202020202020207365744163636f756e
7453657373696f6e73285b5d293b0a2020202020202020202020207365744163636f756e74456d61
696c4c696e6b6564286e756c6c293b0a202020202020202020207d7d0a20202020202020202f3e0a
20202020202020203c496e7374616c6c41707048696e7420636c6173734e616d653d226d622d3322
202f3e0a20202020202020203c53657373696f6e44726f705265736375650a202020202020202020
20636c6173734e616d653d226d622d33220a2020202020202020202073686f773d7b636f6e6e6563
74696f6e44726f707065647d0a20202020202020202020726573756d65436f64653d7b0a20202020
2020202020202020726573756d65436f6465203f3f0a202020202020202020202020736176656453
657373696f6e3f2e726573756d65436f6465203f3f0a2020202020202020202020206c6976654372
6564735265662e63757272656e743f2e726573756d65436f6465203f3f0a20202020202020202020
20206e756c6c0a202020202020202020207d0a202020202020202020206368617261637465724e61
6d653d7b0a2020202020202020202020206368617261637465724e616d65203f3f20736176656453
657373696f6e3f2e6368617261637465724e616d65203f3f206e756c6c0a20202020202020202020
7d0a20202020202020202020627573793d7b72657374617274696e677d0a20202020202020202020
6f6e52656a6f696e3d7b2829203d3e20766f69642072656a6f696e416674657244726f7028297d0a
202020202020202020206f6e4469736d6973733d7b2829203d3e20736574436f6e6e656374696f6e
44726f707065642866616c7365297d0a20202020202020202f3e0a20202020202020207b73686f77
4163636f756e7420262620280a202020202020202020203c64697620636c6173734e616d653d226d
622d3320726f756e6465642d786c20626f7264657220626f726465722d6272616e642d626f726465
722062672d6272616e642d70616e656c2f393520702d3320736861646f772d63617264206261636b
64726f702d626c75722d736d20616e696d6174652d666164652d696e223e0a202020202020202020
2020207b6163636f756e74203f20280a20202020202020202020202020203c64697620636c617373
4e616d653d2273706163652d792d32223e0a202020202020202020202020202020203c6469762063
6c6173734e616d653d22666c657820666c65782d77726170206974656d732d63656e746572206761
702d3220746578742d736d223e0a2020202020202020202020202020202020203c7370616e20636c
6173734e616d653d22746578742d6272616e642d74657874223e0a20202020202020202020202020
202020202020205369676e656420696e206173203c7374726f6e673e407b6163636f756e742e6861
6e646c657d3c2f7374726f6e673e0a20202020202020202020202020202020202020207b6163636f
756e74456d61696c4c696e6b656420262620280a2020202020202020202020202020202020202020
20203c7370616e20636c6173734e616d653d226d6c2d3220746578742d787320746578742d627261
6e642d6d75746564223ec2b7207b6163636f756e74456d61696c4c696e6b65647d3c2f7370616e3e
0a2020202020202020202020202020202020202020297d0a20202020202020202020202020202020
20203c2f7370616e3e0a2020202020202020202020202020202020203c627574746f6e0a20202020
20202020202020202020202020202020747970653d22627574746f6e220a20202020202020202020
202020202020202020206f6e436c69636b3d7b68616e646c654163636f756e744c6f676f75747d0a
2020202020202020202020202020202020202020636c6173734e616d653d22726f756e6465642d6c
6720626f7264657220626f726465722d6272616e642d626f726465722070782d332070792d312074
6578742d787320686f7665723a626f726465722d6272616e642d616363656e74220a202020202020
2020202020202020202020203e0a20202020202020202020202020202020202020205369676e206f
75740a2020202020202020202020202020202020203c2f627574746f6e3e0a202020202020202020
2020202020202020203c627574746f6e0a2020202020202020202020202020202020202020747970
653d22627574746f6e220a20202020202020202020202020202020202020206f6e436c69636b3d7b
2829203d3e206163636f756e7420262620766f696420726566726573684163636f756e7453657373
696f6e73286163636f756e742e746f6b656e297d0a20202020202020202020202020202020202020
20636c6173734e616d653d22726f756e6465642d6c6720626f7264657220626f726465722d627261
6e642d626f726465722070782d332070792d3120746578742d787320686f7665723a626f72646572
2d6272616e642d616363656e74220a2020202020202020202020202020202020203e0a2020202020
202020202020202020202020202020526566726573682063686174730a2020202020202020202020
202020202020203c2f627574746f6e3e0a202020202020202020202020202020203c2f6469763e0a
202020202020202020202020202020203c64697620636c6173734e616d653d226772696420676170
2d3220736d3a677269642d636f6c732d5b3166725f6175746f5d223e0a2020202020202020202020
202020202020203c696e7075740a2020202020202020202020202020202020202020747970653d22
656d61696c220a202020202020202020202020202020202020202076616c75653d7b6163636f756e
74456d61696c7d0a20202020202020202020202020202020202020206f6e4368616e67653d7b2865
29203d3e207365744163636f756e74456d61696c28652e7461726765742e76616c7565297d0a2020
202020202020202020202020202020202020706c616365686f6c6465723d7b0a2020202020202020
20202020202020202020202020206163636f756e74456d61696c4c696e6b65640a20202020202020
20202020202020202020202020202020203f20224368616e6765206c696e6b656420656d61696c22
0a2020202020202020202020202020202020202020202020203a20224c696e6b20656d61696c2066
6f72206d61676963207369676e2d696e220a20202020202020202020202020202020202020207d0a
2020202020202020202020202020202020202020636c6173734e616d653d22726f756e6465642d6c
6720626f7264657220626f726465722d6272616e642d626f726465722062672d6272616e642d6267
2070782d332070792d3220746578742d736d20746578742d6272616e642d74657874220a20202020
20202020202020202020202020202f3e0a2020202020202020202020202020202020203c62757474
6f6e0a2020202020202020202020202020202020202020747970653d22627574746f6e220a202020
202020202020202020202020202020202064697361626c65643d7b6163636f756e7442757379207c
7c20216163636f756e74456d61696c2e696e636c7564657328224022297d0a202020202020202020
20202020202020202020206f6e436c69636b3d7b2829203d3e20766f69642068616e646c654c696e
6b456d61696c28297d0a2020202020202020202020202020202020202020636c6173734e616d653d
22726f756e6465642d6c6720626f7264657220626f726465722d6272616e642d616363656e742f35
302070782d332070792d3220746578742d736d20746578742d6272616e642d7465787420686f7665
723a626f726465722d6272616e642d616363656e742064697361626c65643a6f7061636974792d35
30220a2020202020202020202020202020202020203e0a2020202020202020202020202020202020
2020207b6163636f756e74456d61696c4c696e6b6564203f202255706461746520656d61696c2220
3a20224c696e6b20656d61696c227d0a2020202020202020202020202020202020203c2f62757474
6f6e3e0a202020202020202020202020202020203c2f6469763e0a20202020202020202020202020
2020207b6d616769634465764c696e6b20262620280a202020202020202020202020202020202020
3c64697620636c6173734e616d653d22726f756e6465642d6c6720626f7264657220626f72646572
2d6272616e642d616363656e742f34302062672d6272616e642d626720702d3220746578742d7873
223e0a20202020202020202020202020202020202020203c7020636c6173734e616d653d22746578
742d6272616e642d6d75746564223e436f6e6669726d206c696e6b20286f70656e20746f20617474
61636820656d61696c293a3c2f703e0a20202020202020202020202020202020202020203c610a20
202020202020202020202020202020202020202020687265663d7b6d616769634465764c696e6b7d
0a20202020202020202020202020202020202020202020636c6173734e616d653d226d742d312062
6c6f636b20627265616b2d616c6c20746578742d6272616e642d616363656e7420686f7665723a75
6e6465726c696e65220a20202020202020202020202020202020202020203e0a2020202020202020
20202020202020202020202020207b6d616769634465764c696e6b7d0a2020202020202020202020
2020202020202020203c2f613e0a2020202020202020202020202020202020203c2f6469763e0a20
202020202020202020202020202020297d0a202020202020202020202020202020207b6163636f75
6e7453657373696f6e732e6c656e677468203d3d3d2030203f20280a202020202020202020202020
2020202020203c7020636c6173734e616d653d22746578742d787320746578742d6272616e642d6d
75746564223e0a20202020202020202020202020202020202020204e6f2073617665642063686174
73206f6e2074686973206163636f756e74207965742e20537461727420612073657373696f6e2077
68696c65207369676e656420696e2e0a2020202020202020202020202020202020203c2f703e0a20
20202020202020202020202020202029203a20280a2020202020202020202020202020202020203c
756c20636c6173734e616d653d226d61782d682d34302073706163652d792d31206f766572666c6f
772d792d6175746f20746578742d7873223e0a20202020202020202020202020202020202020207b
6163636f756e7453657373696f6e732e6d617028287329203d3e20280a2020202020202020202020
20202020202020202020203c6c690a2020202020202020202020202020202020202020202020206b
65793d7b732e73657373696f6e49647d0a2020202020202020202020202020202020202020202020
20636c6173734e616d653d22666c657820666c65782d77726170206974656d732d63656e74657220
6761702d3220726f756e6465642d6c6720626f7264657220626f726465722d6272616e642d626f72
6465722f36302062672d6272616e642d62672070782d322070792d312e35220a2020202020202020
20202020202020202020202020203e0a202020202020202020202020202020202020202020202020
3c7370616e20636c6173734e616d653d22746578742d6272616e642d74657874223e0a2020202020
2020202020202020202020202020202020202020207b732e6368617261637465724e616d657d20c2
b7207b732e6d657373616765436f756e747d206d73677320c2b7207b732e7374617475737d0a2020
202020202020202020202020202020202020202020203c2f7370616e3e0a20202020202020202020
20202020202020202020202020207b732e726573756d65436f646520262620280a20202020202020
202020202020202020202020202020202020203c7370616e20636c6173734e616d653d22666f6e74
2d6d6f6e6f20746578742d6272616e642d6d75746564223e7b732e726573756d65436f64657d3c2f
7370616e3e0a202020202020202020202020202020202020202020202020297d0a20202020202020
20202020202020202020202020202020203c627574746f6e0a202020202020202020202020202020
2020202020202020202020747970653d22627574746f6e220a202020202020202020202020202020
20202020202020202020206f6e436c69636b3d7b2829203d3e20766f69642068616e646c65416363
6f756e7453657373696f6e526573756d6528732e73657373696f6e4964297d0a2020202020202020
202020202020202020202020202020202020636c6173734e616d653d226d6c2d6175746f20746578
742d6272616e642d616363656e7420686f7665723a756e6465726c696e65220a2020202020202020
202020202020202020202020202020203e0a20202020202020202020202020202020202020202020
20202020526573756d650a2020202020202020202020202020202020202020202020203c2f627574
746f6e3e0a202020202020202020202020202020202020202020203c2f6c693e0a20202020202020
2020202020202020202020202029297d0a2020202020202020202020202020202020203c2f756c3e
0a20202020202020202020202020202020297d0a20202020202020202020202020203c2f6469763e
0a20202020202020202020202029203a20280a20202020202020202020202020203c64697620636c
6173734e616d653d2273706163652d792d33223e0a202020202020202020202020202020203c6469
7620636c6173734e616d653d2267726964206761702d3220736d3a677269642d636f6c732d5b3166
725f6175746f5d223e0a2020202020202020202020202020202020203c696e7075740a2020202020
202020202020202020202020202020747970653d22656d61696c220a202020202020202020202020
202020202020202076616c75653d7b6163636f756e74456d61696c7d0a2020202020202020202020
2020202020202020206f6e4368616e67653d7b286529203d3e207365744163636f756e74456d6169
6c28652e7461726765742e76616c7565297d0a202020202020202020202020202020202020202070
6c616365686f6c6465723d22456d61696c20666f72206d61676963206c696e6b220a202020202020
2020202020202020202020202020636c6173734e616d653d22726f756e6465642d6c6720626f7264
657220626f726465722d6272616e642d626f726465722062672d6272616e642d62672070782d3320
70792d3220746578742d736d20746578742d6272616e642d74657874220a20202020202020202020
20202020202020202f3e0a2020202020202020202020202020202020203c627574746f6e0a202020
2020202020202020202020202020202020747970653d22627574746f6e220a202020202020202020
202020202020202020202064697361626c65643d7b6163636f756e7442757379207c7c2021616363
6f756e74456d61696c2e696e636c7564657328224022297d0a202020202020202020202020202020
20202020206f6e436c69636b3d7b2829203d3e20766f69642068616e646c654d6167696352657175
65737428297d0a2020202020202020202020202020202020202020636c6173734e616d653d22726f
756e6465642d6c672062672d6272616e642d616363656e742070782d332070792d3220746578742d
736d20666f6e742d6d656469756d20746578742d77686974652064697361626c65643a6f70616369
74792d3530220a2020202020202020202020202020202020203e0a20202020202020202020202020
202020202020207b6163636f756e7442757379203f202253656e64696e67e280a622203a2022456d
61696c206d61676963206c696e6b227d0a2020202020202020202020202020202020203c2f627574
746f6e3e0a202020202020202020202020202020203c2f6469763e0a202020202020202020202020
202020207b6d616769634465764c696e6b20262620280a2020202020202020202020202020202020
203c64697620636c6173734e616d653d22726f756e6465642d6c6720626f7264657220626f726465
722d6272616e642d616363656e742f34302062672d6272616e642d626720702d3220746578742d78
73223e0a20202020202020202020202020202020202020203c7020636c6173734e616d653d227465
78742d6272616e642d6d75746564223e0a2020202020202020202020202020202020202020202045
6d61696c2070726f7669646572206e6f7420636f6e6669677572656420e28094206f70656e207468
6973206c696e6b20746f207369676e20696e3a0a2020202020202020202020202020202020202020
3c2f703e0a20202020202020202020202020202020202020203c610a202020202020202020202020
20202020202020202020687265663d7b6d616769634465764c696e6b7d0a20202020202020202020
202020202020202020202020636c6173734e616d653d226d742d3120626c6f636b20627265616b2d
616c6c20746578742d6272616e642d616363656e7420686f7665723a756e6465726c696e65220a20
202020202020202020202020202020202020203e0a20202020202020202020202020202020202020
2020207b6d616769634465764c696e6b7d0a20202020202020202020202020202020202020203c2f
613e0a2020202020202020202020202020202020203c2f6469763e0a202020202020202020202020
20202020297d0a202020202020202020202020202020203c64697620636c6173734e616d653d2267
726964206761702d3220736d3a677269642d636f6c732d5b3166725f3166725f6175746f5f617574
6f5d223e0a2020202020202020202020202020202020203c696e7075740a20202020202020202020
2020202020202020202076616c75653d7b6163636f756e7448616e646c657d0a2020202020202020
2020202020202020202020206f6e4368616e67653d7b286529203d3e207365744163636f756e7448
616e646c6528652e7461726765742e76616c7565297d0a2020202020202020202020202020202020
202020706c616365686f6c6465723d2248616e646c6520286f7074696f6e616c29220a2020202020
202020202020202020202020202020636c6173734e616d653d22726f756e6465642d6c6720626f72
64657220626f726465722d6272616e642d626f726465722062672d6272616e642d62672070782d33
2070792d3220746578742d736d20746578742d6272616e642d74657874220a202020202020202020
2020202020202020202f3e0a2020202020202020202020202020202020203c696e7075740a202020
2020202020202020202020202020202020747970653d2270617373776f7264220a20202020202020
2020202020202020202020202076616c75653d7b6163636f756e74506173737d0a20202020202020
202020202020202020202020206f6e4368616e67653d7b286529203d3e207365744163636f756e74
5061737328652e7461726765742e76616c7565297d0a202020202020202020202020202020202020
2020706c616365686f6c6465723d22506173737068726173652028362b29220a2020202020202020
202020202020202020202020636c6173734e616d653d22726f756e6465642d6c6720626f72646572
20626f726465722d6272616e642d626f726465722062672d6272616e642d62672070782d33207079
2d3220746578742d736d20746578742d6272616e642d74657874220a202020202020202020202020
2020202020202f3e0a2020202020202020202020202020202020203c627574746f6e0a2020202020
202020202020202020202020202020747970653d22627574746f6e220a2020202020202020202020
20202020202020202064697361626c65643d7b0a2020202020202020202020202020202020202020
20206163636f756e7442757379207c7c206163636f756e7448616e646c652e7472696d28292e6c65
6e677468203c2033207c7c206163636f756e74506173732e6c656e677468203c20360a2020202020
2020202020202020202020202020207d0a20202020202020202020202020202020202020206f6e43
6c69636b3d7b2829203d3e20766f69642068616e646c654163636f756e744175746828226c6f6769
6e22297d0a2020202020202020202020202020202020202020636c6173734e616d653d22726f756e
6465642d6c6720626f7264657220626f726465722d6272616e642d626f726465722070782d332070
792d3220746578742d736d2064697361626c65643a6f7061636974792d3530220a20202020202020
20202020202020202020203e0a20202020202020202020202020202020202020205369676e20696e
0a2020202020202020202020202020202020203c2f627574746f6e3e0a2020202020202020202020
202020202020203c627574746f6e0a2020202020202020202020202020202020202020747970653d
22627574746f6e220a202020202020202020202020202020202020202064697361626c65643d7b0a
202020202020202020202020202020202020202020206163636f756e7442757379207c7c20616363
6f756e7448616e646c652e7472696d28292e6c656e677468203c2033207c7c206163636f756e7450
6173732e6c656e677468203c20360a20202020202020202020202020202020202020207d0a202020
20202020202020202020202020202020206f6e436c69636b3d7b2829203d3e20766f69642068616e
646c654163636f756e74417574682822726567697374657222297d0a202020202020202020202020
2020202020202020636c6173734e616d653d22726f756e6465642d6c6720626f7264657220626f72
6465722d6272616e642d626f726465722070782d332070792d3220746578742d736d206469736162
6c65643a6f7061636974792d3530220a2020202020202020202020202020202020203e0a20202020
2020202020202020202020202020202052656769737465720a202020202020202020202020202020
2020203c2f627574746f6e3e0a202020202020202020202020202020203c2f6469763e0a20202020
202020202020202020203c2f6469763e0a202020202020202020202020297d0a2020202020202020
202020203c64697620636c6173734e616d653d226d742d3220666c657820666c65782d7772617020
6974656d732d63656e746572206761702d32223e0a20202020202020202020202020203c696e7075
740a2020202020202020202020202020202076616c75653d7b726573756d65436f6465496e707574
7d0a202020202020202020202020202020206f6e4368616e67653d7b286529203d3e207365745265
73756d65436f6465496e70757428652e7461726765742e76616c75652e746f557070657243617365
2829297d0a20202020202020202020202020202020706c616365686f6c6465723d22526573756d65
20636f64652028652e672e204142334b394d505129220a2020202020202020202020202020202063
6c6173734e616d653d226d696e2d772d5b313272656d5d20666c65782d3120726f756e6465642d6c
6720626f7264657220626f726465722d6272616e642d626f726465722062672d6272616e642d6267
2070782d332070792d3220666f6e742d6d6f6e6f20746578742d736d20746578742d6272616e642d
74657874220a20202020202020202020202020202f3e0a20202020202020202020202020203c6275
74746f6e0a20202020202020202020202020202020747970653d22627574746f6e220a2020202020
20202020202020202020206f6e436c69636b3d7b2829203d3e20766f69642068616e646c65526573
756d65436f64655375626d697428297d0a20202020202020202020202020202020636c6173734e61
6d653d22726f756e6465642d6c6720626f7264657220626f726465722d6272616e642d616363656e
742f35302070782d332070792d3220746578742d736d20746578742d6272616e642d746578742068
6f7665723a626f726465722d6272616e642d616363656e74220a2020202020202020202020202020
3e0a202020202020202020202020202020204f70656e20636f64650a202020202020202020202020
20203c2f627574746f6e3e0a2020202020202020202020203c2f6469763e0a202020202020202020
2020203c7020636c6173734e616d653d226d742d3220746578742d5b313170785d20746578742d62
72616e642d6d75746564223e0a202020202020202020202020202050726566657220656d61696c20
6d61676963206c696e6b20666f72206d756c74692d646576696365207369676e2d696e2e20506173
73706872617365207374696c6c20776f726b732e20526573756d6520636f6465730a202020202020
2020202020202020736861726520636861747320776974686f75742072617720746f6b656e732e0a
2020202020202020202020203c2f703e0a202020202020202020203c2f6469763e0a202020202020
2020297d0a0a20202020202020207b6572726f7220262620280a202020202020202020203c646976
0a202020202020202020202020636c6173734e616d653d226d622d3320726f756e6465642d786c20
626f7264657220626f726465722d7265642d3530302f34302062672d7265642d3530302f31302070
782d332070792d3220746578742d736d20746578742d7265642d32303020616e696d6174652d6661
64652d696e220a202020202020202020202020726f6c653d22616c657274220a2020202020202020
20203e0a2020202020202020202020207b6572726f727d0a202020202020202020203c2f6469763e
0a2020202020202020297d0a0a20202020202020207b696d706f7274446f6320213d206e756c6c20
262620696d706f72745072657669657720262620280a202020202020202020203c64697620636c61
73734e616d653d226d622d33223e0a2020202020202020202020203c496d706f7274507265766965
7750616e656c0a2020202020202020202020202020707265766965773d7b696d706f727450726576
6965777d0a20202020202020202020202020206d697373696e673d7b696d706f72744d697373696e
677d0a20202020202020202020202020206368617261637465724d61703d7b696d706f7274436861
7261637465724d61707d0a20202020202020202020202020206f6e4368617261637465724d617043
68616e67653d7b736574496d706f72744368617261637465724d61707d0a20202020202020202020
2020202066616c6c6261636b49643d7b696d706f727446616c6c6261636b49647d0a202020202020
20202020202020206f6e46616c6c6261636b4368616e67653d7b736574496d706f727446616c6c62
61636b49647d0a20202020202020202020202020206c697665436861726163746572733d7b636861
726163746572737d0a2020202020202020202020202020627573793d7b696d706f7274427573797d
0a2020202020202020202020202020636f6e6669726d4c6162656c3d7b604f70656e20696d706f72
742028247b696d706f7274507265766965772e77696c6c537563636565647d29607d0a2020202020
2020202020202020206f6e52656672657368507265766965773d7b2829203d3e20766f6964206f6e
5265667265736843686174496d706f72745072657669657728297d0a202020202020202020202020
20206f6e436f6e6669726d3d7b2829203d3e20766f696420636f6e6669726d43686174496d706f72
7428297d0a20202020202020202020202020206f6e43616e63656c3d7b636c656172496d706f7274
44726166747d0a202020202020202020202020202073686f774f70656e5069636b65720a20202020
202020202020202020206f70656e496e6465783d7b696d706f72744f70656e496e6465787d0a2020
2020202020202020202020206f6e4f70656e496e6465784368616e67653d7b736574496d706f7274
4f70656e496e6465787d0a2020202020202020202020202f3e0a202020202020202020203c2f6469
763e0a2020202020202020297d0a0a20202020202020203c6469760a20202020202020202020636c
6173734e616d653d7b60666c6578206d696e2d682d3020666c65782d3120666c65782d636f6c2067
61702d332070622d33206c673a6761702d3420247b0a202020202020202020202020617661746172
436f6c6c6170736564203f20226c673a666c65782d636f6c22203a20226c673a666c65782d726f77
220a202020202020202020207d607d0a20202020202020203e0a202020202020202020207b2f2a20
4c6976654b6974207374617973206d6f756e746564206576656e207768656e20636f6c6c61707365
6420736f20617661746172207374617465206b656570732073796e63696e67202a2f7d0a20202020
2020202020203c64697620636c6173734e616d653d2273722d6f6e6c792220617269612d68696464
656e3e0a2020202020202020202020203c4c6976654b697441766174617253796e630a2020202020
2020202020202020206c6976656b69743d7b6c6976656b69747d0a20202020202020202020202020
206f6e41766174617253796e633d7b68616e646c6541766174617253796e637d0a20202020202020
202020202020206f6e5374617475734368616e67653d7b7365744c6976656b6974526f6f6d537461
7475737d0a2020202020202020202020202f3e0a202020202020202020203c2f6469763e0a0a2020
20202020202020207b617661746172436f6c6c6170736564203f20280a2020202020202020202020
203c64697620636c6173734e616d653d22666c657820772d66756c6c20736872696e6b2d30206974
656d732d63656e746572206761702d3220726f756e6465642d786c20626f7264657220626f726465
722d6272616e642d626f726465722062672d6272616e642d70616e656c2f39352070782d322e3520
70792d3220736861646f772d63617264206261636b64726f702d626c75722d736d223e0a20202020
202020202020202020203c6469760a20202020202020202020202020202020636c6173734e616d65
3d7b606176617461722d72696e6720666c657820682d3920772d3920736872696e6b2d3020697465
6d732d63656e746572206a7573746966792d63656e74657220726f756e6465642d66756c6c206267
2d6772616469656e742d746f2d627220746578742d736d20666f6e742d73656d69626f6c64207465
78742d776869746520247b0a20202020202020202020202020202020202061766174617253746174
650a20202020202020202020202020202020202020203f202266726f6d2d6272616e642d61636365
6e7444696d20746f2d6272616e642d616363656e74220a2020202020202020202020202020202020
2020203a202266726f6d2d6272616e642d626f7264657220746f2d6272616e642d616363656e7444
696d220a202020202020202020202020202020207d607d0a20202020202020202020202020203e0a
202020202020202020202020202020207b286368617261637465724e616d65203f3f20223f22292e
6368617241742830297d0a20202020202020202020202020203c2f6469763e0a2020202020202020
2020202020203c64697620636c6173734e616d653d226d696e2d772d3020666c65782d31223e0a20
2020202020202020202020202020203c7020636c6173734e616d653d227472756e63617465207465
78742d736d20666f6e742d6d656469756d20746578742d6272616e642d74657874223e0a20202020
20202020202020202020202020207b6368617261637465724e616d65203f3f202241766174617220
68696464656e227d0a202020202020202020202020202020203c2f703e0a20202020202020202020
2020202020203c7020636c6173734e616d653d227472756e6361746520746578742d5b313170785d
20746578742d6272616e642d6d75746564223e0a2020202020202020202020202020202020207b61
766174617253746174650a20202020202020202020202020202020202020203f2060247b61766174
617253746174652e656d6f74696f6e2e7265706c616365282f5f2f672c20222022297d20c2b72024
7b4d6174682e726f756e64282861766174617253746174652e61726f7573616c4c6576656c203f3f
203029202a20313030297d25600a20202020202020202020202020202020202020203a2022566964
656f20636f6c6c617073656420666f72206d6f72652063686174207370616365227d0a2020202020
202020202020202020202020207b617661746172506970203f202220c2b720506950206f6e22203a
202220c2b720506950206f6666227d0a202020202020202020202020202020203c2f703e0a202020
20202020202020202020203c2f6469763e0a20202020202020202020202020203c627574746f6e0a
20202020202020202020202020202020747970653d22627574746f6e220a20202020202020202020
2020202020206f6e436c69636b3d7b2829203d3e2073657441766174617250697050657273697374
2821617661746172506970297d0a20202020202020202020202020202020636c6173734e616d653d
2262746e2d67686f7374206d696e2d682d3020736872696e6b2d302070782d322e352070792d312e
3520746578742d7873220a202020202020202020202020202020207469746c653d7b617661746172
506970203f20224869646520666c6f6174696e67206d696e692061766174617222203a202253686f
7720666c6f6174696e67206d696e6920617661746172227d0a20202020202020202020202020203e
0a202020202020202020202020202020207b617661746172506970203f2022506950206f66662220
3a2022506950206f6e227d0a20202020202020202020202020203c2f627574746f6e3e0a20202020
202020202020202020203c627574746f6e0a20202020202020202020202020202020747970653d22
627574746f6e220a202020202020202020202020202020206f6e436c69636b3d7b2829203d3e2073
6574417661746172436f6c6c6170736564506572736973742866616c7365297d0a20202020202020
202020202020202020636c6173734e616d653d2262746e2d67686f7374206d696e2d682d30207368
72696e6b2d302070782d332070792d312e3520746578742d7873220a202020202020202020202020
202020207469746c653d2253686f772061766174617220766964656f20616e642073746174757322
0a20202020202020202020202020203e0a20202020202020202020202020202020457870616e640a
20202020202020202020202020203c2f627574746f6e3e0a2020202020202020202020203c2f6469
763e0a2020202020202020202029203a20280a2020202020202020202020203c64697620636c6173
734e616d653d22666c657820772d66756c6c20736872696e6b2d3020666c65782d636f6c20676170
2d3220736d3a6761702d33206c673a6d61782d772d7873223e0a2020202020202020202020202020
3c64697620636c6173734e616d653d22666c6578206974656d732d63656e746572206a7573746966
792d6265747765656e206761702d32223e0a202020202020202020202020202020203c7020636c61
73734e616d653d22746578742d5b313070785d2075707065726361736520747261636b696e672d5b
302e32656d5d20746578742d6272616e642d6d75746564223e4176617461723c2f703e0a20202020
2020202020202020202020203c627574746f6e0a2020202020202020202020202020202020207479
70653d22627574746f6e220a2020202020202020202020202020202020206f6e436c69636b3d7b28
29203d3e20736574417661746172436f6c6c6170736564506572736973742874727565297d0a2020
20202020202020202020202020202020636c6173734e616d653d22746578742d5b313170785d2074
6578742d6272616e642d6d75746564207472616e736974696f6e20686f7665723a746578742d6272
616e642d616363656e74220a2020202020202020202020202020202020207469746c653d22486964
652061766174617220666f72206d6f72652063686174207370616365220a20202020202020202020
2020202020203e0a2020202020202020202020202020202020204869646520c2b7206d6f72652063
6861740a202020202020202020202020202020203c2f627574746f6e3e0a20202020202020202020
202020203c2f6469763e0a20202020202020202020202020203c64697620636c6173734e616d653d
22666c657820666c65782d726f77206761702d3220736d3a6761702d33206c673a666c65782d636f
6c223e0a202020202020202020202020202020203c64697620636c6173734e616d653d22772d5b34
32255d20736872696e6b2d3020736d3a772d312f33206c673a772d66756c6c223e0a202020202020
2020202020202020202020203c417661746172566964656f0a202020202020202020202020202020
20202020206176617461723d7b61766174617253746174657d0a2020202020202020202020202020
2020202020206368617261637465724e616d653d7b6368617261637465724e616d657d0a20202020
2020202020202020202020202020202063686172616374657249643d7b6163746976654368617261
637465724964203f3f206368617261637465727d0a20202020202020202020202020202020202020
20636f6d706163740a2020202020202020202020202020202020202f3e0a20202020202020202020
2020202020203c2f6469763e0a202020202020202020202020202020203c64697620636c6173734e
616d653d226d696e2d772d3020666c65782d312073706163652d792d32206c673a73706163652d79
2d33223e0a2020202020202020202020202020202020203c41766174617250616e656c0a20202020
202020202020202020202020202020206368617261637465724e616d653d7b636861726163746572
4e616d657d0a202020202020202020202020202020202020202063686172616374657249643d7b61
637469766543686172616374657249647d0a20202020202020202020202020202020202020206176
617461723d7b61766174617253746174657d0a202020202020202020202020202020202020202073
74617475733d7b7374617475737d0a2020202020202020202020202020202020202f3e0a20202020
2020202020202020202020203c2f6469763e0a20202020202020202020202020203c2f6469763e0a
2020202020202020202020203c2f6469763e0a20202020202020202020297d0a0a20202020202020
2020203c64697620636c6173734e616d653d22666c6578206d696e2d682d30206d696e2d772d3020
666c65782d3120666c65782d636f6c223e0a202020202020202020203c73656374696f6e20636c61
73734e616d653d226d622d3320666c657820666c65782d636f6c206761702d3220726f756e646564
2d786c20626f7264657220626f726465722d6272616e642d626f726465722062672d6272616e642d
70616e656c2f393520702d322e3520736861646f772d63617264206261636b64726f702d626c7572
2d736d20736d3a6d622d3420736d3a6761702d3320736d3a702d34223e0a20202020202020202020
20203c64697620636c6173734e616d653d22666c657820666c65782d636f6c206761702d3220736d
3a666c65782d726f7720736d3a666c65782d7772617020736d3a6974656d732d63656e7465722073
6d3a6761702d33223e0a20202020202020202020202020203c64697620636c6173734e616d653d22
666c6578206d696e2d772d3020666c65782d31206974656d732d63656e746572206761702d32223e
0a20202020202020202020202020203c6c6162656c20636c6173734e616d653d22736872696e6b2d
3020746578742d787320746578742d6272616e642d6d7574656420736d3a746578742d736d222068
746d6c466f723d22636861726163746572223e0a2020202020202020202020202020202043686172
61637465720a20202020202020202020202020203c2f6c6162656c3e0a2020202020202020202020
2020203c73656c6563740a2020202020202020202020202020202069643d22636861726163746572
220a2020202020202020202020202020202076616c75653d7b6368617261637465727d0a20202020
2020202020202020202020206f6e4368616e67653d7b286529203d3e207b0a202020202020202020
202020202020202020636f6e7374206e657874203d20652e7461726765742e76616c756520617320
43686172616374657249643b0a202020202020202020202020202020202020736574436861726163
746572286e657874293b0a2020202020202020202020202020202020207265706c61636543686172
6163746572496e55726c286e657874293b0a202020202020202020202020202020207d7d0a202020
2020202020202020202020202064697361626c65643d7b737461747573203d3d3d2022636f6e6e65
6374696e6722207c7c2072657374617274696e677d0a20202020202020202020202020202020636c
6173734e616d653d226669656c64206d696e2d682d746f756368206d696e2d772d3020666c65782d
3120746578742d736d2064697361626c65643a6f7061636974792d3530220a202020202020202020
20202020203e0a202020202020202020202020202020207b636861726163746572732e6d61702828
6f707429203d3e20280a2020202020202020202020202020202020203c6f7074696f6e206b65793d
7b6f70742e69647d2076616c75653d7b6f70742e69647d3e0a202020202020202020202020202020
20202020207b6f70742e6b696e64203d3d3d2022637573746f6d22203f2022e29ca62022203a2022
227d0a20202020202020202020202020202020202020207b6f70742e646973706c61794e616d657d
0a20202020202020202020202020202020202020207b6f70742e64656661756c7456657273696f6e
203f20602028247b6f70742e64656661756c7456657273696f6e7d2960203a2022227d0a20202020
20202020202020202020202020203c2f6f7074696f6e3e0a20202020202020202020202020202020
29297d0a20202020202020202020202020203c2f73656c6563743e0a202020202020202020202020
20203c2f6469763e0a0a20202020202020202020202020207b2173657373696f6e41637469766520
262620280a202020202020202020202020202020203c64697620636c6173734e616d653d22666c65
7820666c65782d77726170206974656d732d63656e746572206761702d3220746578742d5b313170
785d20746578742d6272616e642d6d75746564223e0a202020202020202020202020202020202020
3c6c6162656c20636c6173734e616d653d22666c6578206974656d732d63656e746572206761702d
312e35223e0a20202020202020202020202020202020202020204d6f64650a202020202020202020
20202020202020202020203c73656c6563740a202020202020202020202020202020202020202020
2076616c75653d7b73657373696f6e4d6f64657d0a20202020202020202020202020202020202020
2020206f6e4368616e67653d7b286529203d3e2073657453657373696f6e4d6f646528652e746172
6765742e76616c75652061732053657373696f6e4d6f6465297d0a20202020202020202020202020
202020202020202020636c6173734e616d653d7b606669656c64206d696e2d682d302070792d3120
746578742d787320247b0a2020202020202020202020202020202020202020202020207365737369
6f6e4d6f6465203d3d3d2022656467655f70616365220a2020202020202020202020202020202020
2020202020202020203f2022626f726465722d726f73652d3430302f353020746578742d726f7365
2d313030220a20202020202020202020202020202020202020202020202020203a2022220a202020
202020202020202020202020202020202020207d607d0a2020202020202020202020202020202020
20202020207469746c653d225068617365203130207072657669657720e280942045646765205061
6365206164647320736f66742074696d657273202b2064656e69616c20636f616368696e67220a20
202020202020202020202020202020202020203e0a20202020202020202020202020202020202020
2020203c6f7074696f6e2076616c75653d226e6f726d616c223e4e6f726d616c3c2f6f7074696f6e
3e0a202020202020202020202020202020202020202020203c6f7074696f6e2076616c75653d2265
6467655f70616365223e4564676520506163653c2f6f7074696f6e3e0a2020202020202020202020
2020202020202020203c2f73656c6563743e0a2020202020202020202020202020202020203c2f6c
6162656c3e0a2020202020202020202020202020202020203c6c6162656c20636c6173734e616d65
3d22666c6578206974656d732d63656e746572206761702d312e35223e0a20202020202020202020
202020202020202020204d656d6f72792077696e646f770a20202020202020202020202020202020
202020203c73656c6563740a2020202020202020202020202020202020202020202076616c75653d
7b6d65737361676557696e646f777d0a202020202020202020202020202020202020202020206f6e
4368616e67653d7b286529203d3e0a20202020202020202020202020202020202020202020202073
65744d65737361676557696e646f77284e756d62657228652e7461726765742e76616c7565292061
73203230207c203330207c203530207c203830290a20202020202020202020202020202020202020
2020207d0a20202020202020202020202020202020202020202020636c6173734e616d653d226669
656c64206d696e2d682d302070792d3120746578742d7873220a2020202020202020202020202020
2020202020203e0a202020202020202020202020202020202020202020203c6f7074696f6e207661
6c75653d7b32307d3e3230206d7367733c2f6f7074696f6e3e0a2020202020202020202020202020
20202020202020203c6f7074696f6e2076616c75653d7b33307d3e3330206d7367733c2f6f707469
6f6e3e0a202020202020202020202020202020202020202020203c6f7074696f6e2076616c75653d
7b35307d3e3530206d7367733c2f6f7074696f6e3e0a202020202020202020202020202020202020
202020203c6f7074696f6e2076616c75653d7b38307d3e3830206d7367733c2f6f7074696f6e3e0a
20202020202020202020202020202020202020203c2f73656c6563743e0a20202020202020202020
20202020202020203c2f6c6162656c3e0a2020202020202020202020202020202020207b6163636f
756e7420262620280a20202020202020202020202020202020202020203c3e0a2020202020202020
20202020202020202020202020203c6c6162656c20636c6173734e616d653d22666c657820637572
736f722d706f696e746572206974656d732d63656e746572206761702d312e35223e0a2020202020
202020202020202020202020202020202020203c696e7075740a2020202020202020202020202020
202020202020202020202020747970653d22636865636b626f78220a202020202020202020202020
2020202020202020202020202020636865636b65643d7b63726f737353657373696f6e4f7074496e
7d0a20202020202020202020202020202020202020202020202020206f6e4368616e67653d7b2865
29203d3e207b0a20202020202020202020202020202020202020202020202020202020636f6e7374
206e657874203d20652e7461726765742e636865636b65643b0a2020202020202020202020202020
202020202020202020202020202073657443726f737353657373696f6e4f7074496e286e65787429
3b0a20202020202020202020202020202020202020202020202020202020766f6964207365744372
6f737353657373696f6e4d656d6f72794f7074496e286163636f756e742e746f6b656e2c20636861
7261637465722c206e657874292e6361746368280a20202020202020202020202020202020202020
20202020202020202020202829203d3e207b0a202020202020202020202020202020202020202020
20202020202020202020202f2a2069676e6f7265202a2f0a20202020202020202020202020202020
20202020202020202020202020207d2c0a2020202020202020202020202020202020202020202020
2020202020293b0a20202020202020202020202020202020202020202020202020207d7d0a202020
2020202020202020202020202020202020202020202f3e0a20202020202020202020202020202020
202020202020202052656d656d626572206163726f73732073657373696f6e730a20202020202020
2020202020202020202020202020203c2f6c6162656c3e0a20202020202020202020202020202020
2020202020207b2863726f737353657373696f6e4f7074496e207c7c207072696f724e6f74657329
20262620280a2020202020202020202020202020202020202020202020203c627574746f6e0a2020
202020202020202020202020202020202020202020202020747970653d22627574746f6e220a2020
202020202020202020202020202020202020202020202020636c6173734e616d653d22746578742d
5b313170785d20746578742d76696f6c65742d3230302f393020756e6465726c696e652d6f666673
65742d3220686f7665723a756e6465726c696e65220a202020202020202020202020202020202020
20202020202020207469746c653d22436c656172206c6f6e672d7465726d20646f73736965722066
6f72207468697320636861726163746572220a202020202020202020202020202020202020202020
20202020206f6e436c69636b3d7b2829203d3e207b0a202020202020202020202020202020202020
20202020202020202020766f696420636c65617243726f737353657373696f6e4d656d6f72792861
63636f756e742e746f6b656e2c20636861726163746572290a202020202020202020202020202020
2020202020202020202020202020202e7468656e28287229203d3e207b0a20202020202020202020
202020202020202020202020202020202020202020207365745072696f724e6f746573286e756c6c
293b0a20202020202020202020202020202020202020202020202020202020202020206966202821
722e6f7074496e292073657443726f737353657373696f6e4f7074496e2866616c7365293b0a2020
202020202020202020202020202020202020202020202020202020202020666c617368436f707928
22466f72676f74207468697320636861726163746572e2809973206d656d6f727922293b0a202020
2020202020202020202020202020202020202020202020202020207d290a20202020202020202020
20202020202020202020202020202020202020202e6361746368282829203d3e20666c617368436f
70792822436f756c64206e6f7420636c656172206d656d6f72792229293b0a202020202020202020
20202020202020202020202020202020207d7d0a2020202020202020202020202020202020202020
202020203e0a2020202020202020202020202020202020202020202020202020466f72676574206d
650a2020202020202020202020202020202020202020202020203c2f627574746f6e3e0a20202020
202020202020202020202020202020202020297d0a20202020202020202020202020202020202020
203c2f3e0a202020202020202020202020202020202020297d0a2020202020202020202020202020
20203c2f6469763e0a2020202020202020202020202020297d0a0a20202020202020202020202020
203c64697620636c6173734e616d653d227363726f6c6c2d7374726970202d6d782d302e3520666c
6578206761702d32206f766572666c6f772d782d6175746f2070782d302e352070622d302e35223e
0a20202020202020202020202020207b2173657373696f6e416374697665203f20280a2020202020
20202020202020202020203c3e0a2020202020202020202020202020202020203c627574746f6e0a
2020202020202020202020202020202020202020747970653d22627574746f6e220a202020202020
20202020202020202020202020206f6e436c69636b3d7b2829203d3e20766f696420737461727453
657373696f6e28297d0a2020202020202020202020202020202020202020636c6173734e616d653d
2262746e2d7072696d617279206d696e2d682d3020736872696e6b2d302070782d332070792d3220
746578742d787320736d3a746578742d736d220a2020202020202020202020202020202020203e0a
202020202020202020202020202020202020202053746172740a2020202020202020202020202020
202020203c2f627574746f6e3e0a2020202020202020202020202020202020207b73617665645365
7373696f6e20262620280a20202020202020202020202020202020202020203c627574746f6e0a20
202020202020202020202020202020202020202020747970653d22627574746f6e220a2020202020
20202020202020202020202020202020206f6e436c69636b3d7b2829203d3e20766f696420726573
756d654c61737453657373696f6e28297d0a20202020202020202020202020202020202020202020
636c6173734e616d653d2262746e2d67686f7374206d696e2d682d3020736872696e6b2d3020626f
726465722d6272616e642d616363656e742f35302062672d6272616e642d616363656e742f313020
70782d332070792d3220746578742d787320736d3a746578742d736d220a20202020202020202020
2020202020202020202020207469746c653d7b60526573756d6520247b736176656453657373696f
6e2e6368617261637465724e616d65203f3f20736176656453657373696f6e2e6368617261637465
7249647d607d0a20202020202020202020202020202020202020203e0a2020202020202020202020
2020202020202020202020526573756d65206c6173740a2020202020202020202020202020202020
2020203c2f627574746f6e3e0a202020202020202020202020202020202020297d0a202020202020
2020202020202020202020203c6c6162656c0a202020202020202020202020202020202020202063
6c6173734e616d653d7b6062746e2d67686f7374206d696e2d682d3020736872696e6b2d30206375
72736f722d706f696e7465722070782d332070792d3220746578742d787320736d3a746578742d73
6d20247b0a20202020202020202020202020202020202020202020696d706f727442757379203f20
226f7061636974792d353022203a2022220a20202020202020202020202020202020202020207d60
7d0a20202020202020202020202020202020202020207469746c653d225072657669657720746865
6e20726573746f7265206578706f727465642063686174204a534f4e220a20202020202020202020
20202020202020203e0a20202020202020202020202020202020202020207b696d706f7274427573
79203f2022e280a622203a2022496d706f7274227d0a202020202020202020202020202020202020
20203c696e7075740a20202020202020202020202020202020202020202020747970653d2266696c
65220a202020202020202020202020202020202020202020206163636570743d226170706c696361
74696f6e2f6a736f6e2c2e6a736f6e220a2020202020202020202020202020202020202020202063
6c6173734e616d653d2268696464656e220a20202020202020202020202020202020202020202020
64697361626c65643d7b696d706f7274427573797d0a202020202020202020202020202020202020
202020206f6e4368616e67653d7b286529203d3e207b0a2020202020202020202020202020202020
20202020202020636f6e73742066203d20652e7461726765742e66696c65733f2e5b305d203f3f20
6e756c6c3b0a202020202020202020202020202020202020202020202020652e7461726765742e76
616c7565203d2022223b0a202020202020202020202020202020202020202020202020766f696420
696d706f72744368617446726f6d46696c652866293b0a2020202020202020202020202020202020
20202020207d7d0a20202020202020202020202020202020202020202f3e0a202020202020202020
2020202020202020203c2f6c6162656c3e0a2020202020202020202020202020202020203c627574
746f6e0a2020202020202020202020202020202020202020747970653d22627574746f6e220a2020
2020202020202020202020202020202020206f6e436c69636b3d7b2829203d3e2073657453686f77
43726561746528287629203d3e202176297d0a202020202020202020202020202020202020202063
6c6173734e616d653d2262746e2d67686f7374206d696e2d682d3020736872696e6b2d302070782d
332070792d3220746578742d787320736d3a746578742d736d220a20202020202020202020202020
20202020203e0a20202020202020202020202020202020202020207b73686f77437265617465203f
2022436c6f736522203a2022437265617465227d0a2020202020202020202020202020202020203c
2f627574746f6e3e0a2020202020202020202020202020202020207b636861726163746572732e73
6f6d6528286329203d3e20632e6964203d3d3d2063686172616374657220262620632e6b696e6420
3d3d3d2022637573746f6d222920262620280a20202020202020202020202020202020202020203c
627574746f6e0a20202020202020202020202020202020202020202020747970653d22627574746f
6e220a202020202020202020202020202020202020202020206f6e436c69636b3d7b68616e646c65
44656c657465437573746f6d7d0a20202020202020202020202020202020202020202020636c6173
734e616d653d2262746e2d67686f7374206d696e2d682d3020736872696e6b2d3020626f72646572
2d7265642d3530302f34302070782d332070792d3220746578742d787320746578742d7265642d33
303020736d3a746578742d736d220a20202020202020202020202020202020202020203e0a202020
2020202020202020202020202020202020202044656c6574650a2020202020202020202020202020
2020202020203c2f627574746f6e3e0a202020202020202020202020202020202020297d0a202020
2020202020202020202020202020203c627574746f6e0a2020202020202020202020202020202020
202020747970653d22627574746f6e220a20202020202020202020202020202020202020206f6e43
6c69636b3d7b2829203d3e20766f69642073686172654368617261637465724c696e6b2866616c73
65297d0a2020202020202020202020202020202020202020636c6173734e616d653d2262746e2d67
686f7374206d696e2d682d3020736872696e6b2d302070782d332070792d3220746578742d787320
736d3a746578742d736d220a20202020202020202020202020202020202020207469746c653d7b0a
2020202020202020202020202020202020202020202063616e4e6174697665536861726528290a20
20202020202020202020202020202020202020202020203f20225368617265206368617261637465
722063617264207669612073797374656d207368656574220a202020202020202020202020202020
2020202020202020203a2022436f7079206368617261637465722063617264206c696e6b220a2020
2020202020202020202020202020202020207d0a2020202020202020202020202020202020203e0a
20202020202020202020202020202020202020207b63616e4e617469766553686172652829203f20
225368617265206361726422203a2022436f70792063617264227d0a202020202020202020202020
2020202020203c2f627574746f6e3e0a2020202020202020202020202020202020203c627574746f
6e0a2020202020202020202020202020202020202020747970653d22627574746f6e220a20202020
202020202020202020202020202020206f6e436c69636b3d7b2829203d3e20766f69642073686172
654368617261637465724c696e6b2874727565297d0a202020202020202020202020202020202020
2020636c6173734e616d653d2262746e2d67686f7374206d696e2d682d3020736872696e6b2d3020
70782d332070792d3220746578742d787320736d3a746578742d736d220a20202020202020202020
202020202020202020207469746c653d7b0a20202020202020202020202020202020202020202020
63616e4e6174697665536861726528290a2020202020202020202020202020202020202020202020
203f20225368617265206175746f73746172742063686174206c696e6b220a202020202020202020
2020202020202020202020202020203a2022436f7079206175746f73746172742063686174206c69
6e6b220a20202020202020202020202020202020202020207d0a2020202020202020202020202020
202020203e0a20202020202020202020202020202020202020207b63616e4e617469766553686172
652829203f20225368617265206368617422203a2022436f707920e296b6227d0a20202020202020
20202020202020202020203c2f627574746f6e3e0a2020202020202020202020202020202020203c
610a2020202020202020202020202020202020202020687265663d7b602f6368617261637465722f
247b656e636f6465555249436f6d706f6e656e7428636861726163746572297d607d0a2020202020
202020202020202020202020202020636c6173734e616d653d2262746e2d67686f7374206d696e2d
682d3020736872696e6b2d302070782d332070792d3220746578742d787320746578742d6272616e
642d6d7574656420736d3a746578742d736d220a2020202020202020202020202020202020203e0a
2020202020202020202020202020202020202020436172640a202020202020202020202020202020
2020203c2f613e0a202020202020202020202020202020203c2f3e0a202020202020202020202020
202029203a20280a202020202020202020202020202020203c3e0a20202020202020202020202020
20202020203c627574746f6e0a2020202020202020202020202020202020202020747970653d2262
7574746f6e220a20202020202020202020202020202020202020206f6e436c69636b3d7b73746172
744e657753657373696f6e7d0a202020202020202020202020202020202020202064697361626c65
643d7b737461747573203d3d3d2022636f6e6e656374696e6722207c7c2072657374617274696e67
7d0a2020202020202020202020202020202020202020636c6173734e616d653d2262746e2d707269
6d617279206d696e2d682d3020736872696e6b2d302070782d332070792d3220746578742d787320
64697361626c65643a6f7061636974792d353020736d3a746578742d736d220a2020202020202020
202020202020202020203e0a20202020202020202020202020202020202020207b72657374617274
696e67203f2022e280a622203a2022537769746368227d0a20202020202020202020202020202020
20203c2f627574746f6e3e0a2020202020202020202020202020202020203c627574746f6e0a2020
202020202020202020202020202020202020747970653d22627574746f6e220a2020202020202020
2020202020202020202020206f6e436c69636b3d7b656e6453657373696f6e7d0a20202020202020
2020202020202020202020202064697361626c65643d7b737461747573203d3d3d2022636f6e6e65
6374696e6722207c7c2072657374617274696e677d0a202020202020202020202020202020202020
2020636c6173734e616d653d2262746e2d67686f7374206d696e2d682d3020736872696e6b2d3020
70782d332070792d3220746578742d78732064697361626c65643a6f7061636974792d353020736d
3a746578742d736d220a2020202020202020202020202020202020203e0a20202020202020202020
20202020202020202020456e640a2020202020202020202020202020202020203c2f627574746f6e
3e0a2020202020202020202020202020202020203c627574746f6e0a202020202020202020202020
2020202020202020747970653d22627574746f6e220a202020202020202020202020202020202020
20206f6e436c69636b3d7b2829203d3e20766f69642073686172654368617261637465724c696e6b
2874727565297d0a202020202020202020202020202020202020202064697361626c65643d7b7374
61747573203d3d3d2022636f6e6e656374696e6722207c7c2072657374617274696e677d0a202020
2020202020202020202020202020202020636c6173734e616d653d2262746e2d67686f7374206d69
6e2d682d3020736872696e6b2d302070782d332070792d3220746578742d78732064697361626c65
643a6f7061636974792d353020736d3a746578742d736d220a202020202020202020202020202020
20202020207469746c653d7b0a2020202020202020202020202020202020202020202063616e4e61
74697665536861726528290a2020202020202020202020202020202020202020202020203f202253
68617265207075626c696320636861726163746572206c696e6b220a202020202020202020202020
2020202020202020202020203a2022436f7079207075626c696320636861726163746572206c696e
6b220a20202020202020202020202020202020202020207d0a202020202020202020202020202020
2020203e0a20202020202020202020202020202020202020207b63616e4e61746976655368617265
2829203f2022536861726522203a2022436f7079206c696e6b227d0a202020202020202020202020
2020202020203c2f627574746f6e3e0a2020202020202020202020202020202020203c627574746f
6e0a2020202020202020202020202020202020202020747970653d22627574746f6e220a20202020
202020202020202020202020202020206f6e436c69636b3d7b2829203d3e20766f69642073686172
6550726976617465526573756d654c696e6b28297d0a202020202020202020202020202020202020
202064697361626c65643d7b73746174757320213d3d2022726561647922207c7c2021726573756d
65436f64657d0a2020202020202020202020202020202020202020636c6173734e616d653d226274
6e2d67686f7374206d696e2d682d3020736872696e6b2d3020626f726465722d616d6265722d3530
302f34302070782d332070792d3220746578742d787320746578742d616d6265722d323030206469
7361626c65643a6f7061636974792d353020736d3a746578742d736d220a20202020202020202020
202020202020202020207469746c653d7b0a20202020202020202020202020202020202020202020
63616e4e6174697665536861726528290a2020202020202020202020202020202020202020202020
203f2022536861726520726573756d6520636f6465206c696e6b220a202020202020202020202020
2020202020202020202020203a2022436f707920726573756d6520636f6465206c696e6b220a2020
2020202020202020202020202020202020207d0a2020202020202020202020202020202020203e0a
20202020202020202020202020202020202020207b726573756d65436f6465203f2060526573756d
6520247b726573756d65436f64657d60203a2022526573756d6520636f6465227d0a202020202020
2020202020202020202020203c2f627574746f6e3e0a202020202020202020202020202020202020
3c627574746f6e0a2020202020202020202020202020202020202020747970653d22627574746f6e
220a20202020202020202020202020202020202020206f6e436c69636b3d7b2829203d3e20766f69
64206578706f72744368617428226a736f6e22297d0a202020202020202020202020202020202020
202064697361626c65643d7b2173657373696f6e4964207c7c20217773546f6b656e207c7c206d65
7373616765732e6c656e677468203d3d3d20307d0a20202020202020202020202020202020202020
20636c6173734e616d653d2262746e2d67686f7374206d696e2d682d3020736872696e6b2d302070
782d332070792d3220746578742d78732064697361626c65643a6f7061636974792d353020736d3a
746578742d736d220a20202020202020202020202020202020202020207469746c653d22446f776e
6c6f6164206368617420686973746f7279206173204a534f4e20286e6f207365637265747329220a
2020202020202020202020202020202020203e0a2020202020202020202020202020202020202020
4a534f4e0a2020202020202020202020202020202020203c2f627574746f6e3e0a20202020202020
20202020202020202020203c627574746f6e0a202020202020202020202020202020202020202074
7970653d22627574746f6e220a20202020202020202020202020202020202020206f6e436c69636b
3d7b2829203d3e20766f6964206578706f72744368617428226d6422297d0a202020202020202020
202020202020202020202064697361626c65643d7b2173657373696f6e4964207c7c20217773546f
6b656e207c7c206d657373616765732e6c656e677468203d3d3d20307d0a20202020202020202020
20202020202020202020636c6173734e616d653d2262746e2d67686f7374206d696e2d682d302073
6872696e6b2d302070782d332070792d3220746578742d78732064697361626c65643a6f70616369
74792d353020736d3a746578742d736d220a20202020202020202020202020202020202020207469
746c653d22446f776e6c6f6164206368617420686973746f7279206173204d61726b646f776e220a
2020202020202020202020202020202020203e0a2020202020202020202020202020202020202020
4d440a2020202020202020202020202020202020203c2f627574746f6e3e0a202020202020202020
2020202020202020203c627574746f6e0a2020202020202020202020202020202020202020747970
653d22627574746f6e220a20202020202020202020202020202020202020206f6e436c69636b3d7b
2829203d3e20766f6964207368617265436861744d61726b646f776e28297d0a2020202020202020
20202020202020202020202064697361626c65643d7b6d657373616765732e6c656e677468203d3d
3d203020262620212873657373696f6e4964202626207773546f6b656e297d0a2020202020202020
202020202020202020202020636c6173734e616d653d2262746e2d67686f7374206d696e2d682d30
20736872696e6b2d302070782d332070792d3220746578742d78732064697361626c65643a6f7061
636974792d353020736d3a746578742d736d220a2020202020202020202020202020202020202020
7469746c653d7b0a2020202020202020202020202020202020202020202063616e4e617469766553
6861726528290a2020202020202020202020202020202020202020202020203f2022536861726520
4d61726b646f776e207669612073797374656d207368617265207368656574220a20202020202020
20202020202020202020202020202020203a2022436f7079204d61726b646f776e207472616e7363
7269707420746f20636c6970626f617264220a20202020202020202020202020202020202020207d
0a2020202020202020202020202020202020203e0a20202020202020202020202020202020202020
207b63616e4e617469766553686172652829203f20225368617265204d4422203a2022436f707920
4d44227d0a2020202020202020202020202020202020203c2f627574746f6e3e0a20202020202020
2020202020202020203c2f3e0a2020202020202020202020202020297d0a20202020202020202020
202020203c2f6469763e0a2020202020202020202020203c2f6469763e0a0a202020202020202020
2020207b73686f77437265617465202626202173657373696f6e41637469766520262620280a2020
2020202020202020202020203c64697620636c6173734e616d653d2267726964206761702d322072
6f756e6465642d6c6720626f7264657220626f726465722d6272616e642d626f726465722062672d
6272616e642d626720702d33223e0a202020202020202020202020202020203c7020636c6173734e
616d653d22746578742d787320746578742d6272616e642d6d75746564223e0a2020202020202020
202020202020202020203c7374726f6e6720636c6173734e616d653d22746578742d6272616e642d
74657874223e4d792043686172616374657220287632293c2f7374726f6e673e20e2809420707269
7661746520746f20796f75720a2020202020202020202020202020202020206163636f756e742e20
5069636b20612062617365206d6f64656c202870726566696c6c206964656e746974792f76696265
292c206164642070687261736573202b2032e2809333207363656e65732c20736176652e0a202020
2020202020202020202020202020207b216163636f756e74203f2022205369676e20696e20726571
75697265642e22203a202220536f6674206361703a20313020706572206163636f756e742e227d0a
202020202020202020202020202020203c2f703e0a202020202020202020202020202020203c6c61
62656c20636c6173734e616d653d22746578742d5b313170785d20746578742d6272616e642d6d75
746564222068746d6c466f723d22626173654d6f64656c223e0a2020202020202020202020202020
2020202042617365206d6f64656c0a202020202020202020202020202020203c2f6c6162656c3e0a
202020202020202020202020202020203c73656c6563740a20202020202020202020202020202020
202069643d22626173654d6f64656c220a20202020202020202020202020202020202076616c7565
3d7b637573746f6d426173654d6f64656c7d0a2020202020202020202020202020202020206f6e43
68616e67653d7b286529203d3e207b0a202020202020202020202020202020202020202073657443
7573746f6d426173654d6f64656c28652e7461726765742e76616c7565293b0a2020202020202020
2020202020202020202020202f2f20466f7263652072652d70726566696c6c20627920636c656172
696e6720736f6674206669656c6473207768656e20737769746368696e6720626173650a20202020
20202020202020202020202020202020736574437573746f6d417070656172616e6365282222293b
0a2020202020202020202020202020202020202020736574437573746f6d456e6572677928222229
3b0a2020202020202020202020202020202020202020736574437573746f6d436c6f7468696e6728
2222293b0a2020202020202020202020202020202020207d7d0a2020202020202020202020202020
20202020636c6173734e616d653d22726f756e6465642d6c6720626f7264657220626f726465722d
6272616e642d626f726465722062672d6272616e642d70616e656c2070782d332070792d32207465
78742d736d20746578742d6272616e642d74657874220a202020202020202020202020202020203e
0a2020202020202020202020202020202020207b636861726163746572730a202020202020202020
20202020202020202020202e66696c74657228286329203d3e20632e6b696e64203d3d3d20226465
6661756c7422290a20202020202020202020202020202020202020202e6d617028286329203d3e20
280a202020202020202020202020202020202020202020203c6f7074696f6e206b65793d7b632e69
647d2076616c75653d7b632e69647d3e0a2020202020202020202020202020202020202020202020
207b632e646973706c61794e616d657d0a2020202020202020202020202020202020202020202020
207b632e656e657267794c6162656c203f206020e2809420247b632e656e657267794c6162656c2e
736c69636528302c203430297d60203a2022227d0a20202020202020202020202020202020202020
2020203c2f6f7074696f6e3e0a202020202020202020202020202020202020202029297d0a202020
202020202020202020202020203c2f73656c6563743e0a202020202020202020202020202020203c
696e7075740a20202020202020202020202020202020202076616c75653d7b637573746f6d4e616d
657d0a2020202020202020202020202020202020206f6e4368616e67653d7b286529203d3e207365
74437573746f6d4e616d6528652e7461726765742e76616c7565297d0a2020202020202020202020
20202020202020706c616365686f6c6465723d224e616d652028652e672e20446965676f29220a20
2020202020202020202020202020202020636c6173734e616d653d22726f756e6465642d6c672062
6f7264657220626f726465722d6272616e642d626f726465722062672d6272616e642d70616e656c
2070782d332070792d3220746578742d736d20746578742d6272616e642d74657874220a20202020
2020202020202020202020202f3e0a202020202020202020202020202020203c7465787461726561
0a20202020202020202020202020202020202076616c75653d7b637573746f6d417070656172616e
63657d0a2020202020202020202020202020202020206f6e4368616e67653d7b286529203d3e2073
6574437573746f6d417070656172616e636528652e7461726765742e76616c7565297d0a20202020
2020202020202020202020202020706c616365686f6c6465723d22436f7265206964656e74697479
202f20617070656172616e6365206c6f636b202870726566696c6c65642066726f6d206261736520
e280942065646974206d6529220a202020202020202020202020202020202020726f77733d7b337d
0a202020202020202020202020202020202020636c6173734e616d653d22726f756e6465642d6c67
20626f7264657220626f726465722d6272616e642d626f726465722062672d6272616e642d70616e
656c2070782d332070792d3220746578742d736d20746578742d6272616e642d74657874220a2020
20202020202020202020202020202f3e0a202020202020202020202020202020203c696e7075740a
20202020202020202020202020202020202076616c75653d7b637573746f6d456e657267797d0a20
20202020202020202020202020202020206f6e4368616e67653d7b286529203d3e20736574437573
746f6d456e6572677928652e7461726765742e76616c7565297d0a20202020202020202020202020
2020202020706c616365686f6c6465723d2256696265202f20656e65726779202870726566696c6c
656420e280942065646974206d6529220a202020202020202020202020202020202020636c617373
4e616d653d22726f756e6465642d6c6720626f7264657220626f726465722d6272616e642d626f72
6465722062672d6272616e642d70616e656c2070782d332070792d3220746578742d736d20746578
742d6272616e642d74657874220a202020202020202020202020202020202f3e0a20202020202020
2020202020202020203c696e7075740a20202020202020202020202020202020202076616c75653d
7b637573746f6d436c6f7468696e677d0a2020202020202020202020202020202020206f6e436861
6e67653d7b286529203d3e20736574437573746f6d436c6f7468696e6728652e7461726765742e76
616c7565297d0a202020202020202020202020202020202020706c616365686f6c6465723d22436c
6f7468696e6720666f63757320287368656572202f2063726f7463686c65737320e2809420707265
66696c6c656429220a202020202020202020202020202020202020636c6173734e616d653d22726f
756e6465642d6c6720626f7264657220626f726465722d6272616e642d626f726465722062672d62
72616e642d70616e656c2070782d332070792d3220746578742d736d20746578742d6272616e642d
74657874220a202020202020202020202020202020202f3e0a202020202020202020202020202020
203c7020636c6173734e616d653d22746578742d5b313170785d20666f6e742d6d656469756d2074
6578742d6272616e642d6d75746564223e4b6579207068726173657320286f7074696f6e616c293c
2f703e0a202020202020202020202020202020203c64697620636c6173734e616d653d2267726964
206761702d312e3520736d3a677269642d636f6c732d33223e0a2020202020202020202020202020
202020203c696e7075740a202020202020202020202020202020202020202076616c75653d7b6375
73746f6d506872617365317d0a20202020202020202020202020202020202020206f6e4368616e67
653d7b286529203d3e20736574437573746f6d5068726173653128652e7461726765742e76616c75
65297d0a2020202020202020202020202020202020202020706c616365686f6c6465723d22506872
6173652031220a2020202020202020202020202020202020202020636c6173734e616d653d22726f
756e6465642d6c6720626f7264657220626f726465722d6272616e642d626f726465722062672d62
72616e642d70616e656c2070782d322070792d312e3520746578742d787320746578742d6272616e
642d74657874220a2020202020202020202020202020202020202f3e0a2020202020202020202020
202020202020203c696e7075740a202020202020202020202020202020202020202076616c75653d
7b637573746f6d506872617365327d0a20202020202020202020202020202020202020206f6e4368
616e67653d7b286529203d3e20736574437573746f6d5068726173653228652e7461726765742e76
616c7565297d0a2020202020202020202020202020202020202020706c616365686f6c6465723d22
5068726173652032220a2020202020202020202020202020202020202020636c6173734e616d653d
22726f756e6465642d6c6720626f7264657220626f726465722d6272616e642d626f726465722062
672d6272616e642d70616e656c2070782d322070792d312e3520746578742d787320746578742d62
72616e642d74657874220a2020202020202020202020202020202020202f3e0a2020202020202020
202020202020202020203c696e7075740a202020202020202020202020202020202020202076616c
75653d7b637573746f6d506872617365337d0a20202020202020202020202020202020202020206f
6e4368616e67653d7b286529203d3e20736574437573746f6d5068726173653328652e7461726765
742e76616c7565297d0a2020202020202020202020202020202020202020706c616365686f6c6465
723d225068726173652033220a2020202020202020202020202020202020202020636c6173734e61
6d653d22726f756e6465642d6c6720626f7264657220626f726465722d6272616e642d626f726465
722062672d6272616e642d70616e656c2070782d322070792d312e3520746578742d787320746578
742d6272616e642d74657874220a2020202020202020202020202020202020202f3e0a2020202020
20202020202020202020203c2f6469763e0a202020202020202020202020202020203c7020636c61
73734e616d653d22746578742d5b313170785d20666f6e742d6d656469756d20746578742d627261
6e642d6d75746564223e0a2020202020202020202020202020202020205363656e65206578616d70
6c6573202832e2809333207265636f6d6d656e646564290a20202020202020202020202020202020
3c2f703e0a202020202020202020202020202020207b280a20202020202020202020202020202020
20205b0a20202020202020202020202020202020202020205b637573746f6d5363656e6531546974
6c652c20736574437573746f6d5363656e65315469746c652c20637573746f6d5363656e6531426f
64792c20736574437573746f6d5363656e6531426f64792c20225363656e652031225d2c0a202020
20202020202020202020202020202020205b637573746f6d5363656e65325469746c652c20736574
437573746f6d5363656e65325469746c652c20637573746f6d5363656e6532426f64792c20736574
437573746f6d5363656e6532426f64792c20225363656e652032225d2c0a20202020202020202020
202020202020202020205b637573746f6d5363656e65335469746c652c20736574437573746f6d53
63656e65335469746c652c20637573746f6d5363656e6533426f64792c20736574437573746f6d53
63656e6533426f64792c20225363656e652033225d2c0a2020202020202020202020202020202020
205d20617320636f6e73740a20202020202020202020202020202020292e6d617028285b7469746c
652c207365745469746c652c20626f64792c20736574426f64792c206c6162656c5d2c2069647829
203d3e20280a2020202020202020202020202020202020203c646976206b65793d7b6c6162656c7d
20636c6173734e616d653d2267726964206761702d3120726f756e6465642d6c6720626f72646572
20626f726465722d6272616e642d626f726465722f353020702d32223e0a20202020202020202020
202020202020202020203c696e7075740a2020202020202020202020202020202020202020202076
616c75653d7b7469746c657d0a202020202020202020202020202020202020202020206f6e436861
6e67653d7b286529203d3e207365745469746c6528652e7461726765742e76616c7565297d0a2020
2020202020202020202020202020202020202020706c616365686f6c6465723d7b60247b6c616265
6c7d207469746c652028652e672e204d6972726f7220746561736529607d0a202020202020202020
20202020202020202020202020636c6173734e616d653d22726f756e6465642d6c6720626f726465
7220626f726465722d6272616e642d626f726465722062672d6272616e642d70616e656c2070782d
322070792d312e3520746578742d787320746578742d6272616e642d74657874220a202020202020
20202020202020202020202020202f3e0a20202020202020202020202020202020202020203c7465
7874617265610a2020202020202020202020202020202020202020202076616c75653d7b626f6479
7d0a202020202020202020202020202020202020202020206f6e4368616e67653d7b286529203d3e
20736574426f647928652e7461726765742e76616c7565297d0a2020202020202020202020202020
2020202020202020706c616365686f6c6465723d7b60247b6c6162656c7d20626f647920e2809420
776861742068617070656e73202b2061206c696e65206f66206469616c6f677565607d0a20202020
202020202020202020202020202020202020726f77733d7b327d0a20202020202020202020202020
202020202020202020636c6173734e616d653d22726f756e6465642d6c6720626f7264657220626f
726465722d6272616e642d626f726465722062672d6272616e642d70616e656c2070782d32207079
2d312e3520746578742d787320746578742d6272616e642d74657874220a20202020202020202020
202020202020202020202f3e0a20202020202020202020202020202020202020207b696478203d3d
3d2030203f206e756c6c203a206e756c6c7d0a2020202020202020202020202020202020203c2f64
69763e0a2020202020202020202020202020202029297d0a20202020202020202020202020202020
3c64697620636c6173734e616d653d22666c657820666c65782d77726170206974656d732d63656e
746572206761702d32223e0a2020202020202020202020202020202020203c627574746f6e0a2020
202020202020202020202020202020202020747970653d22627574746f6e220a2020202020202020
2020202020202020202020206f6e436c69636b3d7b2829203d3e2073657453686f774d6564696141
6476616e63656428287629203d3e202176297d0a2020202020202020202020202020202020202020
636c6173734e616d653d22726f756e6465642d6c6720626f7264657220626f726465722d6272616e
642d626f726465722070782d332070792d3220746578742d787320746578742d6272616e642d6d75
74656420686f7665723a626f726465722d6272616e642d616363656e74220a202020202020202020
2020202020202020203e0a20202020202020202020202020202020202020207b73686f774d656469
61416476616e636564203f20224869646520637573746f6d20636c69707322203a2022437573746f
6d20636c697073e280a6227d0a2020202020202020202020202020202020203c2f627574746f6e3e
0a2020202020202020202020202020202020203c627574746f6e0a20202020202020202020202020
20202020202020747970653d22627574746f6e220a20202020202020202020202020202020202020
206f6e436c69636b3d7b68616e646c65437265617465437573746f6d7d0a20202020202020202020
2020202020202020202064697361626c65643d7b0a20202020202020202020202020202020202020
2020206372656174696e67207c7c20637573746f6d4e616d652e7472696d28292e6c656e67746820
3c2032207c7c20637573746f6d417070656172616e63652e7472696d28292e6c656e677468203c20
31320a20202020202020202020202020202020202020207d0a202020202020202020202020202020
2020202020636c6173734e616d653d226d6c2d6175746f20726f756e6465642d6c672062672d6272
616e642d616363656e742070782d342070792d3220746578742d736d20666f6e742d6d656469756d
20746578742d7768697465207472616e736974696f6e20686f7665723a62672d6272616e642d6163
63656e7444696d2064697361626c65643a6f7061636974792d3530220a2020202020202020202020
202020202020203e0a20202020202020202020202020202020202020207b6372656174696e67203f
2022536176696e67e280a622203a206163636f756e74203f202253617665204d7920436861726163
74657222203a20225369676e20696e20746f2073617665227d0a2020202020202020202020202020
202020203c2f627574746f6e3e0a202020202020202020202020202020203c2f6469763e0a0a2020
20202020202020202020202020207b73686f774d65646961416476616e63656420262620280a2020
202020202020202020202020202020203c64697620636c6173734e616d653d226772696420676170
2d3220726f756e6465642d6c6720626f7264657220626f726465722d64617368656420626f726465
722d6272616e642d626f726465722f383020702d32223e0a20202020202020202020202020202020
202020203c7020636c6173734e616d653d22746578742d5b313170785d206c656164696e672d7265
6c6178656420746578742d6272616e642d6d75746564223e0a202020202020202020202020202020
20202020202020506f696e74206174206120666f6c646572206f66206c6f6f707320756e64657220
74686520776562206170702028652e672e7b2220227d0a2020202020202020202020202020202020
20202020203c636f646520636c6173734e616d653d22746578742d6272616e642d74657874223e2f
6176617461722f7061636b732f646965676f3c2f636f64653e20776974687b2220227d0a20202020
20202020202020202020202020202020202069646c652f74656173696e672f706c617966756c2f61
726f757365642e6d703429206f722070617374652066756c6c2068747470732055524c7320706572
20656d6f74696f6e2e0a20202020202020202020202020202020202020203c2f703e0a2020202020
2020202020202020202020202020203c696e7075740a202020202020202020202020202020202020
2020202076616c75653d7b6d65646961426173657d0a202020202020202020202020202020202020
202020206f6e4368616e67653d7b286529203d3e207365744d656469614261736528652e74617267
65742e76616c7565297d0a20202020202020202020202020202020202020202020706c616365686f
6c6465723d224d65646961206261736520666f6c64657220e28094202f6176617461722f7061636b
732f796f75722d6e616d65220a20202020202020202020202020202020202020202020636c617373
4e616d653d22726f756e6465642d6c6720626f7264657220626f726465722d6272616e642d626f72
6465722062672d6272616e642d70616e656c2070782d332070792d3220746578742d736d20746578
742d6272616e642d74657874220a20202020202020202020202020202020202020202f3e0a202020
20202020202020202020202020202020203c64697620636c6173734e616d653d2267726964206761
702d3220736d3a677269642d636f6c732d32223e0a20202020202020202020202020202020202020
2020207b280a2020202020202020202020202020202020202020202020205b0a2020202020202020
2020202020202020202020202020202020205b2269646c65222c20636c697049646c652c20736574
436c697049646c655d2c0a20202020202020202020202020202020202020202020202020205b2274
656173696e67222c20636c697054656173696e672c20736574436c697054656173696e675d2c0a20
202020202020202020202020202020202020202020202020205b22706c617966756c222c20636c69
70506c617966756c2c20736574436c6970506c617966756c5d2c0a20202020202020202020202020
202020202020202020202020205b2261726f75736564222c20636c697041726f757365642c207365
74436c697041726f757365645d2c0a2020202020202020202020202020202020202020202020205d
20617320636f6e73740a20202020202020202020202020202020202020202020292e6d617028285b
656d6f74696f6e2c2076616c75652c2073657456616c75655d29203d3e20280a2020202020202020
202020202020202020202020202020203c646976206b65793d7b656d6f74696f6e7d20636c617373
4e616d653d2273706163652d792d31223e0a20202020202020202020202020202020202020202020
202020203c436c6970507265766965770a2020202020202020202020202020202020202020202020
20202020207372633d7b0a2020202020202020202020202020202020202020202020202020202020
2076616c7565207c7c0a202020202020202020202020202020202020202020202020202020202020
286d65646961426173650a2020202020202020202020202020202020202020202020202020202020
2020203f2060247b6d65646961426173652e7265706c616365282f5c2f242f2c202222297d2f247b
656d6f74696f6e7d2e6d7034600a2020202020202020202020202020202020202020202020202020
2020202020203a20602f6176617461722f247b637573746f6d426173657d2f247b656d6f74696f6e
7d2e6d703460290a202020202020202020202020202020202020202020202020202020207d0a2020
20202020202020202020202020202020202020202020202020206c6162656c3d7b656d6f74696f6e
7d0a20202020202020202020202020202020202020202020202020202f3e0a202020202020202020
20202020202020202020202020202020203c696e7075740a20202020202020202020202020202020
20202020202020202020202076616c75653d7b76616c75657d0a2020202020202020202020202020
20202020202020202020202020206f6e4368616e67653d7b286529203d3e2073657456616c756528
652e7461726765742e76616c7565297d0a2020202020202020202020202020202020202020202020
2020202020706c616365686f6c6465723d7b60247b656d6f74696f6e7d20636c69702055524c2028
6f7074696f6e616c29607d0a20202020202020202020202020202020202020202020202020202020
636c6173734e616d653d22772d66756c6c20726f756e6465642d6c6720626f7264657220626f7264
65722d6272616e642d626f726465722062672d6272616e642d70616e656c2070782d332070792d32
20746578742d787320746578742d6272616e642d74657874220a2020202020202020202020202020
2020202020202020202020202f3e0a2020202020202020202020202020202020202020202020203c
2f6469763e0a2020202020202020202020202020202020202020202029297d0a2020202020202020
2020202020202020202020203c2f6469763e0a2020202020202020202020202020202020203c2f64
69763e0a20202020202020202020202020202020297d0a20202020202020202020202020203c2f64
69763e0a202020202020202020202020297d0a0a2020202020202020202020207b2173657373696f
6e4163746976652026260a2020202020202020202020202020636861726163746572732e736f6d65
28286329203d3e20632e6964203d3d3d2063686172616374657220262620632e6b696e64203d3d3d
2022637573746f6d222920262620280a202020202020202020202020202020203c64697620636c61
73734e616d653d22726f756e6465642d6c6720626f7264657220626f726465722d6272616e642d62
6f726465722f37302062672d6272616e642d626720702d33223e0a20202020202020202020202020
20202020203c64697620636c6173734e616d653d226d622d3220666c657820666c65782d77726170
206974656d732d63656e746572206a7573746966792d6265747765656e206761702d32223e0a2020
2020202020202020202020202020202020203c7020636c6173734e616d653d22746578742d787320
746578742d6272616e642d6d75746564223e0a202020202020202020202020202020202020202020
204564697420636c69707320666f727b2220227d0a20202020202020202020202020202020202020
2020203c7370616e20636c6173734e616d653d22746578742d6272616e642d74657874223e0a2020
202020202020202020202020202020202020202020207b636861726163746572732e66696e642828
6329203d3e20632e6964203d3d3d20636861726163746572293f2e646973706c61794e616d657d0a
202020202020202020202020202020202020202020203c2f7370616e3e0a20202020202020202020
202020202020202020203c2f703e0a20202020202020202020202020202020202020203c64697620
636c6173734e616d653d22666c6578206974656d732d63656e746572206761702d33223e0a202020
202020202020202020202020202020202020203c6c6162656c20636c6173734e616d653d22666c65
7820637572736f722d706f696e746572206974656d732d63656e746572206761702d312e35207465
78742d787320746578742d6272616e642d6d75746564223e0a202020202020202020202020202020
2020202020202020203c696e7075740a202020202020202020202020202020202020202020202020
2020747970653d22636865636b626f78220a20202020202020202020202020202020202020202020
20202020636865636b65643d7b0a2020202020202020202020202020202020202020202020202020
2020636861726163746572732e66696e6428286329203d3e20632e6964203d3d3d20636861726163
746572293f2e6665617475726564203d3d3d20747275650a20202020202020202020202020202020
202020202020202020207d0a20202020202020202020202020202020202020202020202020206469
7361626c65643d7b6372656174696e677d0a20202020202020202020202020202020202020202020
202020206f6e4368616e67653d7b286529203d3e207b0a2020202020202020202020202020202020
2020202020202020202020636f6e73742073656c6563746564203d20636861726163746572732e66
696e6428286329203d3e20632e6964203d3d3d20636861726163746572293b0a2020202020202020
2020202020202020202020202020202020202020696620282173656c6563746564207c7c2073656c
65637465642e6b696e6420213d3d2022637573746f6d22292072657475726e3b0a20202020202020
202020202020202020202020202020202020202020766f696420286173796e63202829203d3e207b
0a202020202020202020202020202020202020202020202020202020202020736574437265617469
6e672874727565293b0a202020202020202020202020202020202020202020202020202020202020
747279207b0a2020202020202020202020202020202020202020202020202020202020202020636f
6e73742075706461746564203d20617761697420757064617465437573746f6d4368617261637465
722873656c65637465642e69642c207b0a2020202020202020202020202020202020202020202020
202020202020202020202066656174757265643a20652e7461726765742e636865636b65642c0a20
202020202020202020202020202020202020202020202020202020202020207d293b0a2020202020
20202020202020202020202020202020202020202020202020202073657443686172616374657273
28287072657629203d3e0a2020202020202020202020202020202020202020202020202020202020
2020202020707265762e6d617028286329203d3e0a20202020202020202020202020202020202020
2020202020202020202020202020202020632e6964203d3d3d2073656c65637465642e69640a2020
2020202020202020202020202020202020202020202020202020202020202020202020203f207b20
2e2e2e632c2066656174757265643a20757064617465642e6665617475726564203d3d3d20747275
65207d0a202020202020202020202020202020202020202020202020202020202020202020202020
20203a20632c0a202020202020202020202020202020202020202020202020202020202020202020
20292c0a2020202020202020202020202020202020202020202020202020202020202020293b0a20
20202020202020202020202020202020202020202020202020202020202020666c617368436f7079
280a20202020202020202020202020202020202020202020202020202020202020202020652e7461
726765742e636865636b65640a202020202020202020202020202020202020202020202020202020
2020202020202020203f202250696e6e656420746f20466561747572656420726f77220a20202020
20202020202020202020202020202020202020202020202020202020202020203a202252656d6f76
65642066726f6d204665617475726564222c0a202020202020202020202020202020202020202020
2020202020202020202020293b0a2020202020202020202020202020202020202020202020202020
202020207d206361746368202865727229207b0a2020202020202020202020202020202020202020
2020202020202020202020207365744572726f72280a202020202020202020202020202020202020
2020202020202020202020202020202065727220696e7374616e63656f66204572726f72203f2065
72722e6d657373616765203a2022436f756c64206e6f742075706461746520666561747572656422
2c0a2020202020202020202020202020202020202020202020202020202020202020293b0a202020
2020202020202020202020202020202020202020202020202020207d2066696e616c6c79207b0a20
20202020202020202020202020202020202020202020202020202020202020736574437265617469
6e672866616c7365293b0a2020202020202020202020202020202020202020202020202020202020
207d0a202020202020202020202020202020202020202020202020202020207d2928293b0a202020
20202020202020202020202020202020202020202020207d7d0a2020202020202020202020202020
202020202020202020202f3e0a202020202020202020202020202020202020202020202020466561
74757265640a202020202020202020202020202020202020202020203c2f6c6162656c3e0a202020
202020202020202020202020202020202020203c627574746f6e0a20202020202020202020202020
2020202020202020202020747970653d22627574746f6e220a202020202020202020202020202020
2020202020202020206f6e436c69636b3d7b2829203d3e2073657453686f774d6564696141647661
6e63656428287629203d3e202176297d0a2020202020202020202020202020202020202020202020
20636c6173734e616d653d22746578742d787320746578742d6272616e642d616363656e7420686f
7665723a756e6465726c696e65220a202020202020202020202020202020202020202020203e0a20
20202020202020202020202020202020202020202020207b73686f774d65646961416476616e6365
64203f20224869646522203a202245646974206d65646961227d0a20202020202020202020202020
2020202020202020203c2f627574746f6e3e0a20202020202020202020202020202020202020203c
2f6469763e0a2020202020202020202020202020202020203c2f6469763e0a202020202020202020
2020202020202020207b73686f774d65646961416476616e63656420262620280a20202020202020
202020202020202020202020203c64697620636c6173734e616d653d2267726964206761702d3222
3e0a202020202020202020202020202020202020202020203c696e7075740a202020202020202020
20202020202020202020202020202076616c75653d7b6d65646961426173657d0a20202020202020
20202020202020202020202020202020206f6e4368616e67653d7b286529203d3e207365744d6564
69614261736528652e7461726765742e76616c7565297d0a20202020202020202020202020202020
2020202020202020706c616365686f6c6465723d224d65646961206261736520e28094202f617661
7461722f7061636b732f6e616d65206f72206c6561766520626c616e6b20666f722066616c6c6261
636b207061636b220a202020202020202020202020202020202020202020202020636c6173734e61
6d653d22726f756e6465642d6c6720626f7264657220626f726465722d6272616e642d626f726465
722062672d6272616e642d70616e656c2070782d332070792d3220746578742d736d20746578742d
6272616e642d74657874220a202020202020202020202020202020202020202020202f3e0a202020
202020202020202020202020202020202020203c6c6162656c20636c6173734e616d653d22666c65
7820637572736f722d706f696e74657220666c65782d636f6c206974656d732d63656e746572206a
7573746966792d63656e746572206761702d3120726f756e6465642d786c20626f7264657220626f
726465722d64617368656420626f726465722d6272616e642d616363656e742f34302062672d6272
616e642d616363656e742f352070782d332070792d3320746578742d63656e74657220746578742d
787320746578742d6272616e642d6d75746564207472616e736974696f6e20686f7665723a626f72
6465722d6272616e642d616363656e7420686f7665723a746578742d6272616e642d74657874223e
0a2020202020202020202020202020202020202020202020203c7370616e20636c6173734e616d65
3d22666f6e742d6d656469756d20746578742d6272616e642d74657874223e0a2020202020202020
2020202020202020202020202020202020207b6372656174696e67203f202255706c6f6164696e67
e280a622203a202242617463682075706c6f616420636c697073227d0a2020202020202020202020
202020202020202020202020203c2f7370616e3e0a20202020202020202020202020202020202020
20202020203c7370616e3e0a20202020202020202020202020202020202020202020202020205365
6c656374206d756c7469706c652066696c6573206e616d65642069646c65202f2074656173696e67
202f20706c617966756c202f2061726f757365640a20202020202020202020202020202020202020
20202020203c2f7370616e3e0a2020202020202020202020202020202020202020202020203c696e
7075740a2020202020202020202020202020202020202020202020202020747970653d2266696c65
220a20202020202020202020202020202020202020202020202020206163636570743d2276696465
6f2f6d70342c766964656f2f7765626d2c766964656f2f782d6d34762c2e6d70342c2e7765626d22
0a20202020202020202020202020202020202020202020202020206d756c7469706c650a20202020
20202020202020202020202020202020202020202020636c6173734e616d653d2268696464656e22
0a202020202020202020202020202020202020202020202020202064697361626c65643d7b637265
6174696e677d0a20202020202020202020202020202020202020202020202020206f6e4368616e67
653d7b286529203d3e207b0a20202020202020202020202020202020202020202020202020202020
636f6e7374206c697374203d20652e7461726765742e66696c65733b0a2020202020202020202020
2020202020202020202020202020202020652e7461726765742e76616c7565203d2022223b0a2020
2020202020202020202020202020202020202020202020202020766f69642068616e646c65426174
636855706c6f6164286c697374293b0a202020202020202020202020202020202020202020202020
20207d7d0a2020202020202020202020202020202020202020202020202f3e0a2020202020202020
20202020202020202020202020203c2f6c6162656c3e0a2020202020202020202020202020202020
20202020203c64697620636c6173734e616d653d2267726964206761702d3320736d3a677269642d
636f6c732d32223e0a2020202020202020202020202020202020202020202020207b280a20202020
202020202020202020202020202020202020202020205b0a20202020202020202020202020202020
2020202020202020202020205b2269646c65222c20636c697049646c652c20736574436c69704964
6c655d2c0a202020202020202020202020202020202020202020202020202020205b227465617369
6e67222c20636c697054656173696e672c20736574436c697054656173696e675d2c0a2020202020
20202020202020202020202020202020202020202020205b22706c617966756c222c20636c697050
6c617966756c2c20736574436c6970506c617966756c5d2c0a202020202020202020202020202020
202020202020202020202020205b2261726f75736564222c20636c697041726f757365642c207365
74436c697041726f757365645d2c0a20202020202020202020202020202020202020202020202020
205d20617320636f6e73740a202020202020202020202020202020202020202020202020292e6d61
7028285b656d6f74696f6e2c2076616c75652c2073657456616c75655d29203d3e207b0a20202020
20202020202020202020202020202020202020202020636f6e73742073656c6563746564203d2063
6861726163746572732e66696e6428286329203d3e20632e6964203d3d3d20636861726163746572
293b0a2020202020202020202020202020202020202020202020202020636f6e7374207072657669
6577537263203d0a2020202020202020202020202020202020202020202020202020202076616c75
65207c7c0a2020202020202020202020202020202020202020202020202020202073656c65637465
643f2e636c6970733f2e5b656d6f74696f6e5d207c7c0a2020202020202020202020202020202020
2020202020202020202020286d65646961426173650a202020202020202020202020202020202020
2020202020202020202020203f2060247b6d65646961426173652e7265706c616365282f5c2f242f
2c202222297d2f247b656d6f74696f6e7d2e6d7034600a2020202020202020202020202020202020
202020202020202020202020203a2073656c65637465643f2e617661746172426173650a20202020
202020202020202020202020202020202020202020202020202020203f20602f6176617461722f24
7b73656c65637465642e617661746172426173657d2f247b656d6f74696f6e7d2e6d7034600a2020
2020202020202020202020202020202020202020202020202020202020203a206e756c6c293b0a20
2020202020202020202020202020202020202020202020202072657475726e20280a202020202020
202020202020202020202020202020202020202020203c646976206b65793d7b656d6f74696f6e7d
20636c6173734e616d653d2273706163652d792d31223e0a20202020202020202020202020202020
20202020202020202020202020203c436c697050726576696577207372633d7b7072657669657753
72637d206c6162656c3d7b656d6f74696f6e7d202f3e0a2020202020202020202020202020202020
202020202020202020202020203c696e7075740a2020202020202020202020202020202020202020
20202020202020202020202076616c75653d7b76616c75657d0a2020202020202020202020202020
2020202020202020202020202020202020206f6e4368616e67653d7b286529203d3e207365745661
6c756528652e7461726765742e76616c7565297d0a20202020202020202020202020202020202020
20202020202020202020202020706c616365686f6c6465723d7b60247b656d6f74696f6e7d205552
4c20286f7074696f6e616c29607d0a20202020202020202020202020202020202020202020202020
20202020202020636c6173734e616d653d22772d66756c6c20726f756e6465642d6c6720626f7264
657220626f726465722d6272616e642d626f726465722062672d6272616e642d70616e656c207078
2d332070792d3220746578742d787320746578742d6272616e642d74657874220a20202020202020
20202020202020202020202020202020202020202020202f3e0a2020202020202020202020202020
202020202020202020202020202020203c6c6162656c20636c6173734e616d653d22666c65782063
7572736f722d706f696e746572206974656d732d63656e746572206a7573746966792d6265747765
656e20726f756e6465642d6c6720626f7264657220626f726465722d64617368656420626f726465
722d6272616e642d626f726465722f38302062672d6272616e642d70616e656c2f35302070782d32
2070792d312e3520746578742d5b313170785d20746578742d6272616e642d6d7574656420686f76
65723a626f726465722d6272616e642d616363656e74223e0a202020202020202020202020202020
20202020202020202020202020202020203c7370616e3e55706c6f6164207b656d6f74696f6e7d2e
6d70342f2e7765626d3c2f7370616e3e0a2020202020202020202020202020202020202020202020
2020202020202020203c696e7075740a202020202020202020202020202020202020202020202020
20202020202020202020747970653d2266696c65220a202020202020202020202020202020202020
202020202020202020202020202020206163636570743d22766964656f2f6d70342c766964656f2f
7765626d2c766964656f2f782d6d34762c2e6d70342c2e7765626d220a2020202020202020202020
2020202020202020202020202020202020202020202020636c6173734e616d653d2268696464656e
220a2020202020202020202020202020202020202020202020202020202020202020202064697361
626c65643d7b6372656174696e677d0a202020202020202020202020202020202020202020202020
202020202020202020206f6e4368616e67653d7b286529203d3e207b0a2020202020202020202020
20202020202020202020202020202020202020202020202020636f6e73742066696c65203d20652e
7461726765742e66696c65733f2e5b305d203f3f206e756c6c3b0a20202020202020202020202020
2020202020202020202020202020202020202020202020652e7461726765742e76616c7565203d20
22223b0a202020202020202020202020202020202020202020202020202020202020202020202020
766f69642068616e646c6555706c6f6164436c697028656d6f74696f6e2c2066696c65293b0a2020
20202020202020202020202020202020202020202020202020202020202020207d7d0a2020202020
2020202020202020202020202020202020202020202020202020202f3e0a20202020202020202020
20202020202020202020202020202020202020203c2f6c6162656c3e0a2020202020202020202020
20202020202020202020202020202020203c2f6469763e0a20202020202020202020202020202020
20202020202020202020293b0a2020202020202020202020202020202020202020202020207d297d
0a202020202020202020202020202020202020202020203c2f6469763e0a20202020202020202020
2020202020202020202020203c7020636c6173734e616d653d22746578742d5b313170785d207465
78742d6272616e642d6d75746564223e0a2020202020202020202020202020202020202020202020
2055706c6f6164732073746f7265206f6e207468652041504920766f6c756d6520616e6420757064
6174652074686973206368617261637465722661706f733b7320636c6970206d61700a2020202020
20202020202020202020202020202020202020286d6178207e34304d422065616368292e204f6e6c
79207265616c204d50342f5765624d20e280942074797065202b2066696c65206865616465722063
6865636b65642e0a202020202020202020202020202020202020202020203c2f703e0a2020202020
20202020202020202020202020202020203c627574746f6e0a202020202020202020202020202020
202020202020202020747970653d22627574746f6e220a2020202020202020202020202020202020
202020202020206f6e436c69636b3d7b68616e646c65536176654d65646961466f7253656c656374
65647d0a20202020202020202020202020202020202020202020202064697361626c65643d7b6372
656174696e677d0a202020202020202020202020202020202020202020202020636c6173734e616d
653d226a7573746966792d73656c662d656e6420726f756e6465642d6c672062672d6272616e642d
616363656e742070782d342070792d3220746578742d736d20666f6e742d6d656469756d20746578
742d77686974652064697361626c65643a6f7061636974792d3530220a2020202020202020202020
20202020202020202020203e0a2020202020202020202020202020202020202020202020207b6372
656174696e67203f2022536176696e67e280a622203a20225361766520636c6970207061636b227d
0a202020202020202020202020202020202020202020203c2f627574746f6e3e0a20202020202020
202020202020202020202020203c2f6469763e0a202020202020202020202020202020202020297d
0a202020202020202020202020202020203c2f6469763e0a2020202020202020202020202020297d
0a202020202020202020203c2f73656374696f6e3e0a0a202020202020202020203c73656374696f
6e0a202020202020202020202020636c6173734e616d653d7b60666c657820666c65782d3120666c
65782d636f6c206f766572666c6f772d68696464656e20726f756e6465642d786c20626f72646572
20626f726465722d6272616e642d626f726465722062672d6272616e642d70616e656c2f39352073
6861646f772d63617264206261636b64726f702d626c75722d736d20247b0a202020202020202020
2020202020617661746172436f6c6c61707365640a202020202020202020202020202020203f2022
6d696e2d682d5b6d696e2837306476682c3536307078295d20736d3a6d696e2d682d5b3438307078
5d220a202020202020202020202020202020203a20226d696e2d682d5b6d696e2835326476682c34
32307078295d20736d3a6d696e2d682d5b33383070785d220a2020202020202020202020207d607d
0a202020202020202020203e0a2020202020202020202020203c64697620636c6173734e616d653d
22666c6578206974656d732d63656e746572206a7573746966792d6265747765656e206761702d32
20626f726465722d6220626f726465722d6272616e642d626f726465722f36302070782d33207079
2d312e3520736d3a70782d34223e0a20202020202020202020202020203c7020636c6173734e616d
653d22746578742d5b313170785d20746578742d6272616e642d6d75746564223e0a202020202020
202020202020202020207b6d657373616765732e6c656e677468203e2030203f2060247b6d657373
616765732e6c656e6774687d206d6573736167657360203a20225472616e736372697074227d0a20
2020202020202020202020202020207b617661746172436f6c6c6170736564203f202220c2b72061
76617461722068696464656e22203a2022227d0a20202020202020202020202020203c2f703e0a20
202020202020202020202020203c627574746f6e0a20202020202020202020202020202020747970
653d22627574746f6e220a202020202020202020202020202020206f6e436c69636b3d7b2829203d
3e20736574417661746172436f6c6c6170736564506572736973742821617661746172436f6c6c61
70736564297d0a20202020202020202020202020202020636c6173734e616d653d22746578742d5b
313170785d20746578742d6272616e642d616363656e7420686f7665723a756e6465726c696e6522
0a202020202020202020202020202020207469746c653d7b0a202020202020202020202020202020
202020617661746172436f6c6c61707365640a20202020202020202020202020202020202020203f
202253686f772061766174617220766964656f20616e6420737461747573220a2020202020202020
2020202020202020202020203a2022486964652061766174617220666f72206d6f72652063686174
207370616365220a202020202020202020202020202020207d0a2020202020202020202020202020
3e0a202020202020202020202020202020207b617661746172436f6c6c6170736564203f20225368
6f772061766174617222203a20224869646520617661746172227d0a202020202020202020202020
20203c2f627574746f6e3e0a2020202020202020202020203c2f6469763e0a202020202020202020
2020203c64697620636c6173734e616d653d22666c65782d312073706163652d792d33206f766572
666c6f772d792d6175746f206f7665727363726f6c6c2d636f6e7461696e20702d3320736d3a702d
34223e0a20202020202020202020202020207b282829203d3e207b0a202020202020202020202020
20202020636f6e7374206d696e64203d206d696e6446696e6765727072696e742861637469766543
68617261637465724964203f3f20636861726163746572293b0a2020202020202020202020202020
202069662028216d696e64292072657475726e206e756c6c3b0a2020202020202020202020202020
202072657475726e20280a2020202020202020202020202020202020203c6469760a202020202020
2020202020202020202020202020636c6173734e616d653d22726f756e6465642d786c20626f7264
657220626f726465722d6272616e642d616363656e742f32352062672d6272616e642d616363656e
742f352070782d332070792d3220746578742d5b313170785d206c656164696e672d72656c617865
64220a2020202020202020202020202020202020202020726f6c653d22737461747573220a202020
2020202020202020202020202020203e0a20202020202020202020202020202020202020203c6469
7620636c6173734e616d653d22666c657820666c65782d77726170206974656d732d63656e746572
206761702d32223e0a202020202020202020202020202020202020202020203c7020636c6173734e
616d653d22746578742d5b313070785d20666f6e742d73656d69626f6c6420757070657263617365
20747261636b696e672d5b302e32656d5d20746578742d6272616e642d616363656e74223e0a2020
202020202020202020202020202020202020202020204d696e6420c2b7207b6d696e642e7461677d
0a202020202020202020202020202020202020202020203c2f703e0a202020202020202020202020
202020202020202020207b6d696e642e62696c696e6775616c20262620280a202020202020202020
2020202020202020202020202020203c7370616e20636c6173734e616d653d22726f756e6465642d
66756c6c20626f7264657220626f726465722d6272616e642d626f726465722f38302070782d3220
70792d302e3520746578742d5b3970785d20746578742d6272616e642d6d75746564223e0a202020
2020202020202020202020202020202020202020202020536f66742045532073706963650a202020
2020202020202020202020202020202020202020203c2f7370616e3e0a2020202020202020202020
2020202020202020202020297d0a20202020202020202020202020202020202020203c2f6469763e
0a20202020202020202020202020202020202020203c7020636c6173734e616d653d226d742d3120
746578742d6272616e642d6d75746564223e7b6d696e642e626c7572627d3c2f703e0a2020202020
202020202020202020202020203c2f6469763e0a20202020202020202020202020202020293b0a20
202020202020202020202020207d2928297d0a20202020202020202020202020207b6d6f64655374
617465202626206d6f646553746174652e6d6f6465203d3d3d2022656467655f7061636522202626
20737461747573203d3d3d202272656164792220262620280a202020202020202020202020202020
203c45646765506163655374726970206d6f646553746174653d7b6d6f646553746174657d207469
636b4f66667365743d7b6d6f64655469636b7d202f3e0a2020202020202020202020202020297d0a
20202020202020202020202020207b28737461747573203d3d3d2022726561647922207c7c206d65
7373616765732e6c656e677468203e20302920262620280a20202020202020202020202020202020
3c53657373696f6e4d656d6f72795374726970207072696f724e6f7465733d7b7072696f724e6f74
65737d2073657373696f6e4e6f7465733d7b73657373696f6e4e6f7465737d202f3e0a2020202020
202020202020202020297d0a20202020202020202020202020207b6d657373616765732e6c656e67
7468203d3d3d203020262620216973547970696e6720262620280a20202020202020202020202020
2020203c64697620636c6173734e616d653d2270782d322070792d313220746578742d63656e7465
7220736d3a70792d3136223e0a2020202020202020202020202020202020203c7020636c6173734e
616d653d22746578742d736d20746578742d6272616e642d6d75746564223e0a2020202020202020
2020202020202020202020207b737461747573203d3d3d20227265616479220a2020202020202020
20202020202020202020202020203f202253657373696f6e206c69766520e2809420746865792073
686f756c6420677265657420796f752066697273742e204d656d6f72792073617665732061732079
6f7520676f2e220a202020202020202020202020202020202020202020203a20737461747573203d
3d3d2022636f6e6e656374696e6722207c7c2072657374617274696e670a20202020202020202020
20202020202020202020202020203f20224f70656e696e67206c6976652073657373696f6ee280a6
220a2020202020202020202020202020202020202020202020203a20736176656453657373696f6e
0a20202020202020202020202020202020202020202020202020203f206057656c636f6d65206261
636b20e2809420726573756d6520e2809c247b736176656453657373696f6e2e6368617261637465
724e616d65203f3f20736176656453657373696f6e2e63686172616374657249647de2809d206f72
2073746172742061206e65772073657373696f6e2e600a2020202020202020202020202020202020
2020202020202020203a20225069636b2061206368617261637465722c2063686f6f7365204e6f72
6d616c206f72204564676520506163652c207468656e2053746172742e227d0a2020202020202020
202020202020202020203c2f703e0a2020202020202020202020202020202020207b737461747573
20213d3d20227265616479222026262073746174757320213d3d2022636f6e6e656374696e672220
2626202172657374617274696e6720262620280a2020202020202020202020202020202020202020
3c7020636c6173734e616d653d226d782d6175746f206d742d33206d61782d772d736d2074657874
2d5b313170785d206c656164696e672d72656c6178656420746578742d6272616e642d736f667422
3e0a202020202020202020202020202020202020202020205369676e6174757265206d6f64656c73
206f70656e20776974682061206272616e64206c696e652e20456467652050616365206164647320
736f6674206275696c6420e2869220686f6c6420e286920a20202020202020202020202020202020
202020202020616c6d6f737420e286922062726561746865206379636c65732e2046726565207061
746820616c7761797320776f726b732e0a20202020202020202020202020202020202020203c2f70
3e0a202020202020202020202020202020202020297d0a202020202020202020202020202020203c
2f6469763e0a2020202020202020202020202020297d0a0a20202020202020202020202020207b6d
657373616765732e6d617028286d736729203d3e20280a202020202020202020202020202020203c
6469760a2020202020202020202020202020202020206b65793d7b6d73672e69647d0a2020202020
20202020202020202020202020636c6173734e616d653d7b60666c657820247b6d73672e726f6c65
203d3d3d20227573657222203f20226a7573746966792d656e6422203a20226a7573746966792d73
74617274227d607d0a202020202020202020202020202020203e0a20202020202020202020202020
20202020203c6469760a2020202020202020202020202020202020202020636c6173734e616d653d
7b606d61782d772d5b3930255d20726f756e6465642d32786c2070782d332e352070792d322e3520
746578742d736d206c656164696e672d72656c6178656420736d3a6d61782d772d5b3830255d2073
6d3a70782d3420247b0a202020202020202020202020202020202020202020206d73672e726f6c65
203d3d3d202275736572220a2020202020202020202020202020202020202020202020203f202262
672d6272616e642d616363656e7420746578742d776869746520736861646f772d676c6f772d736d
220a2020202020202020202020202020202020202020202020203a2022626f7264657220626f7264
65722d6272616e642d626f726465722062672d6272616e642d626720746578742d6272616e642d74
657874220a20202020202020202020202020202020202020207d607d0a2020202020202020202020
202020202020203e0a20202020202020202020202020202020202020203c7370616e20636c617373
4e616d653d22776869746573706163652d7072652d7772617020627265616b2d776f726473223e7b
6d73672e636f6e74656e747d3c2f7370616e3e0a2020202020202020202020202020202020202020
7b6d73672e73747265616d696e6720262620280a2020202020202020202020202020202020202020
20203c7370616e20636c6173734e616d653d226d6c2d3120696e6c696e652d626c6f636b20682d34
20772d3120616e696d6174652d70756c73652062672d6272616e642d616363656e7420616c69676e
2d6d6964646c6522202f3e0a2020202020202020202020202020202020202020297d0a2020202020
202020202020202020202020203c2f6469763e0a202020202020202020202020202020203c2f6469
763e0a202020202020202020202020202029297d0a0a20202020202020202020202020207b697354
7970696e67202626203c547970696e67496e64696361746f72206e616d653d7b6368617261637465
724e616d657d202f3e7d0a20202020202020202020202020203c646976207265663d7b6d65737361
676573456e645265667d202f3e0a2020202020202020202020203c2f6469763e0a0a202020202020
2020202020207b2f2a20436f6d706f73657220e2809420737469636b79202b20736166652d617265
6120736f20686f6d6520696e64696361746f72202f206b6579626f617264207374617920636c6561
72202a2f7d0a2020202020202020202020203c64697620636c6173734e616d653d22737469636b79
20626f74746f6d2d30207a2d323020626f726465722d7420626f726465722d6272616e642d626f72
6465722f38302062672d6272616e642d70616e656c2f393520702d322e352070622d5b6d61782830
2e36323572656d2c656e7628736166652d617265612d696e7365742d626f74746f6d29295d206261
636b64726f702d626c75722d6d6420736d3a702d3420736d3a70622d34223e0a2020202020202020
2020202020203c64697620636c6173734e616d653d22666c6578206974656d732d656e6420676170
2d32223e0a202020202020202020202020202020203c74657874617265610a202020202020202020
2020202020202020207265663d7b696e7075745265667d0a20202020202020202020202020202020
202076616c75653d7b696e7075747d0a2020202020202020202020202020202020206f6e4368616e
67653d7b286529203d3e20736574496e70757428652e7461726765742e76616c7565297d0a202020
2020202020202020202020202020206f6e4b6579446f776e3d7b68616e646c654b6579446f776e7d
0a2020202020202020202020202020202020206f6e466f6375733d7b2829203d3e207b0a20202020
202020202020202020202020202020202f2f2050686f6e653a206175746f2d636f6c6c6170736520
617661746172206f6e20666f63757320736f206b6579626f617264202b2063686174206669740a20
20202020202020202020202020202020202020696620280a20202020202020202020202020202020
202020202020747970656f662077696e646f7720213d3d2022756e646566696e6564222026260a20
20202020202020202020202020202020202020202077696e646f772e6d617463684d656469612822
286d61782d77696474683a2036333970782922292e6d6174636865732026260a2020202020202020
202020202020202020202020202021617661746172436f6c6c61707365640a202020202020202020
202020202020202020202029207b0a20202020202020202020202020202020202020202020736574
417661746172436f6c6c6170736564506572736973742874727565293b0a20202020202020202020
202020202020202020207d0a20202020202020202020202020202020202020202f2f204b65657020
666f637573656420696e7075742061626f766520736f6674206b6579626f6172640a202020202020
202020202020202020202020202077696e646f772e73657454696d656f7574282829203d3e207b0a
20202020202020202020202020202020202020202020696e7075745265662e63757272656e743f2e
7363726f6c6c496e746f56696577287b0a2020202020202020202020202020202020202020202020
206265686176696f723a2022736d6f6f7468222c0a20202020202020202020202020202020202020
2020202020626c6f636b3a20226e656172657374222c0a2020202020202020202020202020202020
20202020207d293b0a20202020202020202020202020202020202020207d2c20313230293b0a2020
202020202020202020202020202020207d7d0a202020202020202020202020202020202020706c61
6365686f6c6465723d7b0a2020202020202020202020202020202020202020737461747573203d3d
3d20227265616479220a202020202020202020202020202020202020202020203f20224d65737361
6765e280a62028456e74657220746f2073656e6429220a2020202020202020202020202020202020
20202020203a20636f6e6e656374696f6e44726f707065640a202020202020202020202020202020
2020202020202020203f202252656a6f696e20746f206b656570206368617474696e67220a202020
2020202020202020202020202020202020202020203a2022537461727420612073657373696f6e20
6669727374220a2020202020202020202020202020202020207d0a20202020202020202020202020
202020202064697361626c65643d7b73746174757320213d3d2022726561647922207c7c2073656e
64696e677d0a202020202020202020202020202020202020726f77733d7b617661746172436f6c6c
6170736564203f2033203a20327d0a202020202020202020202020202020202020656e7465724b65
7948696e743d2273656e64220a2020202020202020202020202020202020206175746f436f6d706c
6574653d226f6666220a202020202020202020202020202020202020636c6173734e616d653d2266
69656c64206d696e2d682d746f75636820666c65782d3120726573697a652d6e6f6e652070792d32
2e3520746578742d626173652064697361626c65643a6f7061636974792d353020736d3a6d696e2d
682d5b322e373572656d5d20736d3a746578742d736d220a20202020202020202020202020202020
2f3e0a202020202020202020202020202020203c627574746f6e0a20202020202020202020202020
2020202020747970653d22627574746f6e220a2020202020202020202020202020202020206f6e43
6c69636b3d7b73656e644d6573736167657d0a202020202020202020202020202020202020646973
61626c65643d7b2163616e53656e647d0a202020202020202020202020202020202020636c617373
4e616d653d2262746e2d7072696d617279206d696e2d682d746f75636820736872696e6b2d302070
782d342064697361626c65643a6f7061636974792d353020736d3a6d696e2d682d5b322e37357265
6d5d20736d3a70782d35220a202020202020202020202020202020203e0a20202020202020202020
202020202020202053656e640a202020202020202020202020202020203c2f627574746f6e3e0a20
202020202020202020202020203c2f6469763e0a2020202020202020202020203c2f6469763e0a20
2020202020202020203c2f73656374696f6e3e0a202020202020202020203c2f6469763e0a202020
20202020203c2f6469763e0a0a20202020202020203c666f6f74657220636c6173734e616d653d22
6d742d6175746f20666c657820666c65782d77726170206974656d732d63656e746572206a757374
6966792d6265747765656e206761702d782d33206761702d792d3120626f726465722d7420626f72
6465722d6272616e642d626f726465722f34302070792d3320746578742d5b313170785d20746578
742d6272616e642d6d7574656420736d3a746578742d7873223e0a202020202020202020203c7370
616e20636c6173734e616d653d22696e6c696e652d666c6578206974656d732d63656e7465722067
61702d312e3520736d3a68696464656e223e0a2020202020202020202020203c537461747573446f
74207374617475733d7b7374617475737d202f3e0a2020202020202020202020207b737461747573
4c6162656c7d0a202020202020202020203c2f7370616e3e0a202020202020202020203c7370616e
20636c6173734e616d653d2268696464656e20736d3a696e6c696e65223e556e63656e736f726564
2031382b20c2b72050726f636861726163746572732e636c6f75643c2f7370616e3e0a2020202020
20202020207b73657373696f6e4964202626203c7370616e20636c6173734e616d653d22666f6e74
2d6d6f6e6f223e237b73657373696f6e49642e736c69636528302c2038297d3c2f7370616e3e7d0a
202020202020202020203c7370616e20636c6173734e616d653d22736d3a68696464656e223e3138
2b20c2b7204b47433c2f7370616e3e0a20202020202020203c2f666f6f7465723e0a202020202020
3c2f6469763e0a0a2020202020207b2f2a20506963747572652d696e2d70696374757265206d696e
692061766174617220e2809420647261676761626c65207768656e207261696c20697320636f6c6c
6170736564202a2f7d0a2020202020207b617661746172436f6c6c61707365642026262061766174
617250697020262620280a20202020202020203c4176617461725069700a20202020202020202020
6176617461723d7b61766174617253746174657d0a20202020202020202020636861726163746572
4e616d653d7b6368617261637465724e616d657d0a20202020202020202020636861726163746572
49643d7b6163746976654368617261637465724964203f3f206368617261637465727d0a20202020
2020202020206f6e457870616e643d7b2829203d3e20736574417661746172436f6c6c6170736564
506572736973742866616c7365297d0a202020202020202020206f6e486964653d7b2829203d3e20
736574417661746172506970506572736973742866616c7365297d0a20202020202020202f3e0a20
2020202020297d0a202020203c2f6d61696e3e0a2020293b0a7d
